[{"model": "auth.user", "pk": 1, "fields": {"password": "pbkdf2_sha256$120000$QUJtHg30l7GL$fpN6v/QNgTlC1hFBUQQjYgzWWxfDoIowsP5p8/ec+04=", "last_login": "2019-04-15T14:53:47.933Z", "is_superuser": true, "username": "admin", "first_name": "", "last_name": "", "email": "door0172@gmail.com", "is_staff": true, "is_active": true, "date_joined": "2019-04-15T11:21:44.002Z", "groups": [], "user_permissions": []}}, {"model": "auth.user", "pk": 2, "fields": {"password": "pbkdf2_sha256$120000$m64rcv2uY8No$lMwNMALUMmErs79HqwCnEf6ZQaq35GIV4ufx9579BTM=", "last_login": null, "is_superuser": false, "username": "user1", "first_name": "\u041d\u0438\u043a\u043e\u043b\u0430\u0439", "last_name": "\u0418\u0432\u0430\u043d\u043e\u0432", "email": "ivanov@mail.ru", "is_staff": false, "is_active": true, "date_joined": "2019-04-15T11:31:31.818Z", "groups": [], "user_permissions": []}}, {"model": "auth.user", "pk": 3, "fields": {"password": "pbkdf2_sha256$120000$gYHMyqktfrFS$fscUKKlJO3MUau+OgoUlEFe1BDIu4DGh/YfKeW5S0Zg=", "last_login": null, "is_superuser": false, "username": "user2", "first_name": "\u041d\u0430\u0442\u0430\u043b\u044c\u044f", "last_name": "\u0417\u044f\u0431\u043b\u0438\u043a\u043e\u0432\u0430", "email": "zyblik@mail.ru", "is_staff": false, "is_active": true, "date_joined": "2019-04-15T11:45:28.229Z", "groups": [], "user_permissions": []}}, {"model": "auth.user", "pk": 4, "fields": {"password": "pbkdf2_sha256$120000$kI6lxzDGhX2f$1HBXk1yFSMiEyab9CN4gOSz5o5oALWYxlPbvoTYYa2A=", "last_login": null, "is_superuser": false, "username": "user3", "first_name": "\u041e\u043a\u0441\u0430\u043d\u0430", "last_name": "\u0421\u0432\u0435\u0442\u043b\u0430\u043a\u043e\u0432\u0430", "email": "sveta@mail.ru", "is_staff": false, "is_active": true, "date_joined": "2019-04-15T11:49:13.098Z", "groups": [], "user_permissions": []}}, {"model": "auth.user", "pk": 5, "fields": {"password": "pbkdf2_sha256$120000$LyXxQu6VEMZE$EBroBwbYdwTb7BJfXoNUGiqydxstrvG+C+oogYp+czc=", "last_login": null, "is_superuser": false, "username": "user4", "first_name": "\u0410\u043b\u0435\u043a\u0441\u0430\u043d\u0434\u0440", "last_name": "\u0413\u0430\u043b\u0443\u0441\u0442\u044f\u043d\u043e\u0432", "email": "galustyan@mail.ru", "is_staff": false, "is_active": true, "date_joined": "2019-04-15T11:53:30.528Z", "groups": [], "user_permissions": []}}, {"model": "auth.user", "pk": 6, "fields": {"password": "pbkdf2_sha256$120000$hiSAudvXi4NW$lpWCiY1y1kIsZe9BXTG51hQkGvuyDjx7oaEr8JrR7Q4=", "last_login": null, "is_superuser": false, "username": "user5", "first_name": "\u041e\u0431\u0438\u0432\u0430\u043d", "last_name": "\u041a\u0435\u043d\u043e\u0431\u0438", "email": "djeday@mail.ru", "is_staff": false, "is_active": true, "date_joined": "2019-04-15T11:56:36.734Z", "groups": [], "user_permissions": []}}, {"model": "auth.user", "pk": 7, "fields": {"password": "pbkdf2_sha256$120000$W0IIs2IZtfmD$ZgZ/07TC28OhexJn67NCXShgiMVIyMCGhOjZZ/tOVfc=", "last_login": null, "is_superuser": false, "username": "user6", "first_name": "\u0414\u043c\u0438\u0442\u0440\u0438\u0439", "last_name": "\u041f\u043e\u0431\u0435\u0434\u0438\u043d\u0441\u043a\u0438\u0439", "email": "gamer@mail.ru", "is_staff": false, "is_active": true, "date_joined": "2019-04-15T12:00:06.612Z", "groups": [], "user_permissions": []}}, {"model": "auth.user", "pk": 8, "fields": {"password": "pbkdf2_sha256$120000$UlimKk7bmBUj$GAIGleEIElDpoSGfowzvTZyzUy+V5NpgJoSKM4F/XV0=", "last_login": null, "is_superuser": false, "username": "user7", "first_name": "\u0410\u043b\u044c\u0431\u0435\u0440\u0442", "last_name": "\u0417\u0430\u0438\u043a\u043e\u0432\u0438\u0447", "email": "zaika@mail.ru", "is_staff": false, "is_active": true, "date_joined": "2019-04-15T12:03:06.426Z", "groups": [], "user_permissions": []}}, {"model": "auth.user", "pk": 9, "fields": {"password": "pbkdf2_sha256$120000$d3w3k57OVjZ8$uZ+DOpxZewR/CrVTAqVVkYyEliqFeGIBMxeBU8mgeX8=", "last_login": null, "is_superuser": false, "username": "user8", "first_name": "\u0410\u043b\u0435\u043a\u0441\u0435\u0439", "last_name": "\u041f\u0430\u043d\u043e\u0432", "email": "panov@mail.ru", "is_staff": false, "is_active": true, "date_joined": "2019-04-15T12:06:04.289Z", "groups": [], "user_permissions": []}}, {"model": "sessions.session", "pk": "acl058idvwd5v3rq6mjwjjykzswetj5n", "fields": {"session_data": "ZjlkMmQ0MjNlOWQ2OTM5Y2NkNGY0Mjc1NTA0OWIxMjU4MzUwMDA5Yjp7Il9hdXRoX3VzZXJfaWQiOiIxIiwiX2F1dGhfdXNlcl9iYWNrZW5kIjoiZGphbmdvLmNvbnRyaWIuYXV0aC5iYWNrZW5kcy5Nb2RlbEJhY2tlbmQiLCJfYXV0aF91c2VyX2hhc2giOiIyOTc2M2VjZTBkY2RlMjNmNWVjZDdiYmQyYzBmODA1YTA4ZmJiYTA4In0=", "expire_date": "2019-04-29T14:53:48.080Z"}}, {"model": "core.profile", "pk": 1, "fields": {"user": 2, "key": "610267ae-164e-4aa7-a2ad-5e8419c240f5", "avatar": "profile_avatars/610267ae164e4aa7a2ad5e8419c240f5"}}, {"model": "core.profile", "pk": 2, "fields": {"user": 3, "key": "a66e48db-27e1-4d2c-b1c0-82e427d2f390", "avatar": "profile_avatars/a66e48db27e14d2cb1c082e427d2f390"}}, {"model": "core.profile", "pk": 3, "fields": {"user": 4, "key": "bbcc1489-87cc-45df-bd1a-290701318e20", "avatar": "profile_avatars/bbcc148987cc45dfbd1a290701318e20"}}, {"model": "core.profile", "pk": 4, "fields": {"user": 5, "key": "04a75f20-0ed4-49d4-a952-3b79bac899c9", "avatar": "profile_avatars/04a75f200ed449d4a9523b79bac899c9"}}, {"model": "core.profile", "pk": 5, "fields": {"user": 6, "key": "03928892-0450-4faa-9017-464752bb4aa6", "avatar": "profile_avatars/0392889204504faa9017464752bb4aa6"}}, {"model": "core.profile", "pk": 6, "fields": {"user": 7, "key": "8a4d70cb-15fe-4a2e-93ea-12a7b22fae16", "avatar": "profile_avatars/8a4d70cb15fe4a2e93ea12a7b22fae16"}}, {"model": "core.profile", "pk": 7, "fields": {"user": 8, "key": "dd375162-13ff-46d2-8112-027f79d11207", "avatar": "profile_avatars/dd37516213ff46d28112027f79d11207"}}, {"model": "core.profile", "pk": 8, "fields": {"user": 9, "key": "8c2e5dde-630e-4d8d-a9db-4a59353b999f", "avatar": "profile_avatars/8c2e5dde630e4d8da9db4a59353b999f"}}, {"model": "video.source", "pk": 1, "fields": {"name": "video1", "description": "video", "owner": 2, "preview_picture": "preview_source/2/a1b506b2dad046988540c5aa1a88c502", "time": 15.573, "key": "a1b506b2-dad0-4698-8540-c5aa1a88c502", "content": "source_video/2/a1b506b2dad046988540c5aa1a88c502", "mime": "video/mp4", "codec": "avc1.64001E, mp4a.40.2", "created": "2019-04-15T11:37:36.693Z", "status": 0}}, {"model": "video.source", "pk": 2, "fields": {"name": "video2", "description": "video2", "owner": 2, "preview_picture": "", "time": 30.023, "key": "95b5421e-9af0-4e2a-ba92-d09db5233c92", "content": "source_video/2/95b5421e9af04e2aba92d09db5233c92", "mime": "video/mp4", "codec": "avc1.64001E, mp4a.40.2", "created": "2019-04-15T11:39:59.145Z", "status": 0}}, {"model": "video.source", "pk": 3, "fields": {"name": "video3", "description": "video3", "owner": 2, "preview_picture": "", "time": 14.68, "key": "56f1af1f-63ce-4940-86b5-b9c5cfce0f67", "content": "source_video/2/56f1af1f63ce494086b5b9c5cfce0f67", "mime": "video/mp4", "codec": "avc1.64001E, mp4a.40.2", "created": "2019-04-15T11:40:16.304Z", "status": 0}}, {"model": "video.source", "pk": 4, "fields": {"name": "video4", "description": "video4", "owner": 2, "preview_picture": "", "time": 15.023, "key": "d87b770e-0bb5-4d46-9860-015822673a88", "content": "source_video/2/d87b770e0bb54d469860015822673a88", "mime": "video/mp4", "codec": "avc1.64001E, mp4a.40.2", "created": "2019-04-15T11:40:47.541Z", "status": 0}}, {"model": "video.source", "pk": 5, "fields": {"name": "video5", "description": "video5", "owner": 2, "preview_picture": "", "time": 20.023, "key": "74c5ff97-4115-40b9-9190-4606af02de7e", "content": "source_video/2/74c5ff97411540b991904606af02de7e", "mime": "video/mp4", "codec": "avc1.64001E, mp4a.40.2", "created": "2019-04-15T11:42:37.925Z", "status": 0}}, {"model": "video.source", "pk": 6, "fields": {"name": "video1", "description": "video", "owner": 3, "preview_picture": "", "time": 20.023, "key": "a4306384-4a20-441b-b813-19dda4f43eee", "content": "source_video/3/a43063844a20441bb81319dda4f43eee", "mime": "video/mp4", "codec": "avc1.64001E, mp4a.40.2", "created": "2019-04-15T13:37:44.239Z", "status": 0}}, {"model": "video.source", "pk": 7, "fields": {"name": "video1", "description": "video", "owner": 3, "preview_picture": "", "time": 20.023, "key": "f7ad4061-c71e-451a-9fa6-57d24ddd5228", "content": "source_video/3/f7ad4061c71e451a9fa657d24ddd5228", "mime": "video/mp4", "codec": "avc1.64001E, mp4a.40.2", "created": "2019-04-15T13:37:46.393Z", "status": 0}}, {"model": "video.source", "pk": 8, "fields": {"name": "video2", "description": "video", "owner": 3, "preview_picture": "", "time": 20.023, "key": "c75af3c8-ca12-43f2-a491-ceade9f7aeeb", "content": "source_video/3/c75af3c8ca1243f2a491ceade9f7aeeb", "mime": "video/mp4", "codec": "avc1.64001E, mp4a.40.2", "created": "2019-04-15T13:38:13.633Z", "status": 0}}, {"model": "video.source", "pk": 9, "fields": {"name": "video3", "description": "video", "owner": 3, "preview_picture": "", "time": 10.578, "key": "eb8dd2d8-be6c-451f-a82d-0cbfafe4c402", "content": "source_video/3/eb8dd2d8be6c451fa82d0cbfafe4c402", "mime": "video/mp4", "codec": "avc1.64001E, mp4a.40.2", "created": "2019-04-15T13:38:30.525Z", "status": 0}}, {"model": "video.source", "pk": 10, "fields": {"name": "video1", "description": "video", "owner": 4, "preview_picture": "preview_source/4/4c765f2c84734bc68ec24a808c66173f", "time": 14.68, "key": "4c765f2c-8473-4bc6-8ec2-4a808c66173f", "content": "source_video/4/4c765f2c84734bc68ec24a808c66173f", "mime": "video/mp4", "codec": "avc1.64001E, mp4a.40.2", "created": "2019-04-15T14:44:53.938Z", "status": 0}}, {"model": "video.source", "pk": 11, "fields": {"name": "video2", "description": "video", "owner": 4, "preview_picture": "", "time": 20.023, "key": "5ed0ab67-4c44-4332-b932-ac9653702589", "content": "source_video/4/5ed0ab674c444332b932ac9653702589", "mime": "video/mp4", "codec": "avc1.64001E, mp4a.40.2", "created": "2019-04-15T14:45:11.020Z", "status": 0}}, {"model": "video.source", "pk": 12, "fields": {"name": "video3", "description": "video", "owner": 4, "preview_picture": "", "time": 10.578, "key": "6b72a7dc-2295-44e7-bb65-10071a323353", "content": "source_video/4/6b72a7dc229544e7bb6510071a323353", "mime": "video/mp4", "codec": "avc1.64001E, mp4a.40.2", "created": "2019-04-15T14:45:28.929Z", "status": 0}}, {"model": "video.source", "pk": 13, "fields": {"name": "video1", "description": "video1", "owner": 5, "preview_picture": "", "time": 15.573, "key": "e43a3527-b66e-4476-913f-f63acb2cb771", "content": "source_video/5/e43a3527b66e4476913ff63acb2cb771", "mime": "video/mp4", "codec": "avc1.64001E, mp4a.40.2", "created": "2019-04-15T15:47:06.888Z", "status": 0}}, {"model": "video.source", "pk": 14, "fields": {"name": "video2", "description": "video2", "owner": 5, "preview_picture": "", "time": 30.023, "key": "19391a8c-99f8-4797-9260-eb193174e7a7", "content": "source_video/5/19391a8c99f847979260eb193174e7a7", "mime": "video/mp4", "codec": "avc1.64001E, mp4a.40.2", "created": "2019-04-15T15:47:22.484Z", "status": 0}}, {"model": "video.source", "pk": 15, "fields": {"name": "video3", "description": "video3", "owner": 5, "preview_picture": "", "time": 14.68, "key": "7ff6675b-e699-4bd6-919f-303463380682", "content": "source_video/5/7ff6675be6994bd6919f303463380682", "mime": "video/mp4", "codec": "avc1.64001E, mp4a.40.2", "created": "2019-04-15T15:47:38.572Z", "status": 0}}, {"model": "video.source", "pk": 16, "fields": {"name": "video1", "description": "video", "owner": 6, "preview_picture": "", "time": 20.023, "key": "a03e4cda-0a28-49b8-a759-61b6af10a477", "content": "source_video/6/a03e4cda0a2849b8a75961b6af10a477", "mime": "video/mp4", "codec": "avc1.64001E, mp4a.40.2", "created": "2019-04-15T15:58:16.845Z", "status": 0}}, {"model": "video.source", "pk": 17, "fields": {"name": "video2", "description": "video", "owner": 6, "preview_picture": "", "time": 10.578, "key": "c78143b9-deaf-4b9d-8fb8-abc699762c54", "content": "source_video/6/c78143b9deaf4b9d8fb8abc699762c54", "mime": "video/mp4", "codec": "avc1.64001E, mp4a.40.2", "created": "2019-04-15T15:58:31.163Z", "status": 0}}, {"model": "video.source", "pk": 18, "fields": {"name": "video3", "description": "video", "owner": 6, "preview_picture": "", "time": 25.04, "key": "592de2e8-3d18-4d46-ad8f-f2605313e7ad", "content": "source_video/6/592de2e83d184d46ad8ff2605313e7ad", "mime": "video/mp4", "codec": "avc1.64001E, mp4a.40.2", "created": "2019-04-15T15:58:47.814Z", "status": 0}}, {"model": "video.source", "pk": 19, "fields": {"name": "video1", "description": "video", "owner": 7, "preview_picture": "", "time": 15.573, "key": "b001ceae-9379-4f45-818a-5bd4d01affd8", "content": "source_video/7/b001ceae93794f45818a5bd4d01affd8", "mime": "video/mp4", "codec": "avc1.64001E, mp4a.40.2", "created": "2019-04-15T16:07:15.452Z", "status": 0}}, {"model": "video.source", "pk": 20, "fields": {"name": "video2", "description": "video2", "owner": 7, "preview_picture": "", "time": 30.023, "key": "8b61bf76-1312-49b6-ba82-f86118da5781", "content": "source_video/7/8b61bf76131249b6ba82f86118da5781", "mime": "video/mp4", "codec": "avc1.64001E, mp4a.40.2", "created": "2019-04-15T16:07:40.541Z", "status": 0}}, {"model": "video.source", "pk": 21, "fields": {"name": "video3", "description": "video3", "owner": 7, "preview_picture": "", "time": 14.68, "key": "c2ddfb10-125b-4634-96c4-0673825ae3d3", "content": "source_video/7/c2ddfb10125b463496c40673825ae3d3", "mime": "video/mp4", "codec": "avc1.64001E, mp4a.40.2", "created": "2019-04-15T16:07:54.774Z", "status": 0}}, {"model": "video.source", "pk": 22, "fields": {"name": "video1", "description": "video", "owner": 8, "preview_picture": "", "time": 30.023, "key": "fb59a3d6-3623-42eb-9d22-9acec414c3c1", "content": "source_video/8/fb59a3d6362342eb9d229acec414c3c1", "mime": "video/mp4", "codec": "avc1.64001E, mp4a.40.2", "created": "2019-04-15T16:25:20.902Z", "status": 0}}, {"model": "video.source", "pk": 23, "fields": {"name": "video2", "description": "video2", "owner": 8, "preview_picture": "", "time": 15.023, "key": "be013fc2-351d-452b-ab8d-ead740a86b92", "content": "source_video/8/be013fc2351d452bab8dead740a86b92", "mime": "video/mp4", "codec": "avc1.64001E, mp4a.40.2", "created": "2019-04-15T16:25:38.614Z", "status": 0}}, {"model": "video.source", "pk": 24, "fields": {"name": "video3", "description": "video3", "owner": 8, "preview_picture": "", "time": 20.023, "key": "01679189-9390-4ac5-a44b-3359d5999e49", "content": "source_video/8/0167918993904ac5a44b3359d5999e49", "mime": "video/mp4", "codec": "avc1.64001E, mp4a.40.2", "created": "2019-04-15T16:25:53.056Z", "status": 0}}, {"model": "video.source", "pk": 25, "fields": {"name": "video1", "description": "video", "owner": 9, "preview_picture": "", "time": 15.573, "key": "ff354fb5-7bcc-4a66-9cd2-6e40a6e2b18a", "content": "source_video/9/ff354fb57bcc4a669cd26e40a6e2b18a", "mime": "video/mp4", "codec": "avc1.64001E, mp4a.40.2", "created": "2019-04-15T19:59:58.396Z", "status": 0}}, {"model": "video.source", "pk": 26, "fields": {"name": "video2", "description": "video", "owner": 9, "preview_picture": "", "time": 30.023, "key": "d4476218-4ef7-4269-91eb-52d6f90d710b", "content": "source_video/9/d44762184ef7426991eb52d6f90d710b", "mime": "video/mp4", "codec": "avc1.64001E, mp4a.40.2", "created": "2019-04-15T20:00:12.221Z", "status": 0}}, {"model": "video.source", "pk": 27, "fields": {"name": "video3", "description": "video", "owner": 9, "preview_picture": "", "time": 14.68, "key": "bbd11cd7-8547-4c25-85d4-9ee6e2e57949", "content": "source_video/9/bbd11cd785474c2585d49ee6e2e57949", "mime": "video/mp4", "codec": "avc1.64001E, mp4a.40.2", "created": "2019-04-15T20:00:25.227Z", "status": 0}}, {"model": "video.videopart", "pk": 1, "fields": {"source": 1, "key": "14335a64-e3a0-4588-854f-08fbd800ec28", "parent": null, "text": "1", "main_video": 1, "lft": 1, "rght": 10, "tree_id": 1, "level": 0}}, {"model": "video.videopart", "pk": 2, "fields": {"source": 3, "key": "71b08e28-2274-48ea-8228-0b0309997c89", "parent": 1, "text": "\u043f\u0440\u043e\u0438\u0433\u0440\u0430\u0442\u044c", "main_video": 1, "lft": 2, "rght": 7, "tree_id": 1, "level": 1}}, {"model": "video.videopart", "pk": 3, "fields": {"source": 5, "key": "126b84a4-09ef-4488-b242-cab257c44c11", "parent": 2, "text": "\u043d\u0435\u0442", "main_video": 1, "lft": 3, "rght": 4, "tree_id": 1, "level": 2}}, {"model": "video.videopart", "pk": 4, "fields": {"source": 4, "key": "40f33120-cff8-4723-aa9c-846bcce0cd00", "parent": 2, "text": "\u0434\u0430", "main_video": 1, "lft": 5, "rght": 6, "tree_id": 1, "level": 2}}, {"model": "video.videopart", "pk": 5, "fields": {"source": 2, "key": "1bdec947-c87b-43f5-8bb9-4d553c46ed01", "parent": 1, "text": "\u043f\u043e\u0431\u0435\u0434\u0438\u0442\u044c", "main_video": 1, "lft": 8, "rght": 9, "tree_id": 1, "level": 1}}, {"model": "video.videopart", "pk": 6, "fields": {"source": 1, "key": "92e2d637-7f40-4e1c-b69c-3416e9212acd", "parent": null, "text": "1", "main_video": 2, "lft": 1, "rght": 10, "tree_id": 2, "level": 0}}, {"model": "video.videopart", "pk": 7, "fields": {"source": 2, "key": "174986a8-01e4-46d2-999b-c80e6a0da21c", "parent": 6, "text": "\u0434\u0430", "main_video": 2, "lft": 2, "rght": 7, "tree_id": 2, "level": 1}}, {"model": "video.videopart", "pk": 8, "fields": {"source": 4, "key": "bc777b9d-0f10-4193-b475-b0b77f5c443e", "parent": 7, "text": "\u0434\u0430", "main_video": 2, "lft": 3, "rght": 4, "tree_id": 2, "level": 2}}, {"model": "video.videopart", "pk": 9, "fields": {"source": 5, "key": "6004ae8b-ccbc-4f46-a1fc-b0fc73db9174", "parent": 7, "text": "\u043d\u0435\u0442", "main_video": 2, "lft": 5, "rght": 6, "tree_id": 2, "level": 2}}, {"model": "video.videopart", "pk": 10, "fields": {"source": 3, "key": "759ee28e-d218-463d-956f-7aeb8a9ae3ad", "parent": 6, "text": "\u043d\u0435\u0442", "main_video": 2, "lft": 8, "rght": 9, "tree_id": 2, "level": 1}}, {"model": "video.videopart", "pk": 11, "fields": {"source": 7, "key": "0d9074d2-cda9-494d-91db-5c74a02b422c", "parent": null, "text": "1", "main_video": 3, "lft": 1, "rght": 6, "tree_id": 3, "level": 0}}, {"model": "video.videopart", "pk": 12, "fields": {"source": 8, "key": "4526b97c-7bd8-4b21-b355-5c32d661a3ab", "parent": 11, "text": "\u0434\u0430", "main_video": 3, "lft": 2, "rght": 3, "tree_id": 3, "level": 1}}, {"model": "video.videopart", "pk": 13, "fields": {"source": 9, "key": "ecd948a1-9b0a-4a59-bd19-c985664b74a0", "parent": 11, "text": "\u043d\u0435\u0442", "main_video": 3, "lft": 4, "rght": 5, "tree_id": 3, "level": 1}}, {"model": "video.videopart", "pk": 14, "fields": {"source": 6, "key": "c1358600-100b-4bd3-b463-0e820464aa6c", "parent": null, "text": "1", "main_video": 4, "lft": 1, "rght": 6, "tree_id": 4, "level": 0}}, {"model": "video.videopart", "pk": 15, "fields": {"source": 8, "key": "be12487a-6f6a-4f44-8629-0fc7c4d3641b", "parent": 14, "text": "\u0441\u044a\u0435\u0441\u0442\u044c", "main_video": 4, "lft": 2, "rght": 3, "tree_id": 4, "level": 1}}, {"model": "video.videopart", "pk": 16, "fields": {"source": 9, "key": "269123b8-2428-40b0-97aa-0424ab08b9a9", "parent": 14, "text": "\u043d\u0435 \u0435\u0441\u0442\u044c", "main_video": 4, "lft": 4, "rght": 5, "tree_id": 4, "level": 1}}, {"model": "video.videopart", "pk": 17, "fields": {"source": 10, "key": "7a66d8cf-5e0f-42c6-a37c-7928d2aae856", "parent": null, "text": "1", "main_video": 5, "lft": 1, "rght": 6, "tree_id": 5, "level": 0}}, {"model": "video.videopart", "pk": 18, "fields": {"source": 11, "key": "e89bf8e7-d744-46e9-8f80-f63ff9d361f1", "parent": 17, "text": "\u0434\u0430", "main_video": 5, "lft": 2, "rght": 3, "tree_id": 5, "level": 1}}, {"model": "video.videopart", "pk": 19, "fields": {"source": 12, "key": "27190c34-afea-4abd-bd85-3f941c7dd0b4", "parent": 17, "text": "\u043d\u0435\u0442", "main_video": 5, "lft": 4, "rght": 5, "tree_id": 5, "level": 1}}, {"model": "video.videopart", "pk": 20, "fields": {"source": 10, "key": "c12ec08b-f83c-498d-9503-233c00a7d1af", "parent": null, "text": "1", "main_video": 6, "lft": 1, "rght": 6, "tree_id": 6, "level": 0}}, {"model": "video.videopart", "pk": 21, "fields": {"source": 11, "key": "3664b624-cc28-4048-8dba-bd0e30bfeeee", "parent": 20, "text": "\u0434\u0430", "main_video": 6, "lft": 2, "rght": 3, "tree_id": 6, "level": 1}}, {"model": "video.videopart", "pk": 22, "fields": {"source": 12, "key": "2fd493cb-937e-4bb7-8493-b22db9810e57", "parent": 20, "text": "\u043d\u0435\u0442", "main_video": 6, "lft": 4, "rght": 5, "tree_id": 6, "level": 1}}, {"model": "video.videopart", "pk": 23, "fields": {"source": 13, "key": "d26b134a-f73a-4328-b51b-be91a72f890d", "parent": null, "text": "1", "main_video": 7, "lft": 1, "rght": 6, "tree_id": 7, "level": 0}}, {"model": "video.videopart", "pk": 24, "fields": {"source": 14, "key": "894e03fb-3c7d-4b73-8c7a-325e432efdcb", "parent": 23, "text": "\u0434\u0430", "main_video": 7, "lft": 2, "rght": 3, "tree_id": 7, "level": 1}}, {"model": "video.videopart", "pk": 25, "fields": {"source": 15, "key": "089aaf6f-173d-4f1e-9061-df6e73f34cf2", "parent": 23, "text": "\u043d\u0435\u0442", "main_video": 7, "lft": 4, "rght": 5, "tree_id": 7, "level": 1}}, {"model": "video.videopart", "pk": 26, "fields": {"source": 13, "key": "901f783b-4f17-4882-af96-ccb7adbb5de2", "parent": null, "text": "1", "main_video": 8, "lft": 1, "rght": 6, "tree_id": 8, "level": 0}}, {"model": "video.videopart", "pk": 27, "fields": {"source": 14, "key": "7700ce92-bbb4-4875-9ed1-af31ddb785f6", "parent": 26, "text": "\u0434\u0430", "main_video": 8, "lft": 2, "rght": 3, "tree_id": 8, "level": 1}}, {"model": "video.videopart", "pk": 28, "fields": {"source": 15, "key": "b64fca0a-afd9-4e76-a607-1cca4f21ee66", "parent": 26, "text": "\u043d\u0435\u0442", "main_video": 8, "lft": 4, "rght": 5, "tree_id": 8, "level": 1}}, {"model": "video.videopart", "pk": 29, "fields": {"source": 16, "key": "fcb37970-bc09-439f-b991-2aef7bdf8e26", "parent": null, "text": "1", "main_video": 9, "lft": 1, "rght": 6, "tree_id": 9, "level": 0}}, {"model": "video.videopart", "pk": 30, "fields": {"source": 18, "key": "c204d8b2-8439-4cd7-a8df-48196851f387", "parent": 29, "text": "\u043d\u0435\u0442", "main_video": 9, "lft": 2, "rght": 3, "tree_id": 9, "level": 1}}, {"model": "video.videopart", "pk": 31, "fields": {"source": 17, "key": "d8c1bb39-2d4a-4c46-b864-0b0bfd208438", "parent": 29, "text": "\u0434\u0430", "main_video": 9, "lft": 4, "rght": 5, "tree_id": 9, "level": 1}}, {"model": "video.videopart", "pk": 32, "fields": {"source": 16, "key": "a89dd491-2867-4c2b-880d-62107510c03c", "parent": null, "text": "1", "main_video": 10, "lft": 1, "rght": 6, "tree_id": 10, "level": 0}}, {"model": "video.videopart", "pk": 33, "fields": {"source": 17, "key": "c6b4c1af-55ca-4297-afd9-473531d2e299", "parent": 32, "text": "\u0441\u0434\u0435\u043b\u0430\u0442\u044c", "main_video": 10, "lft": 2, "rght": 3, "tree_id": 10, "level": 1}}, {"model": "video.videopart", "pk": 34, "fields": {"source": 18, "key": "66c9bd42-d9d0-4ce2-b934-1ba1042d050f", "parent": 32, "text": "\u043d\u0435 \u0441\u0434\u0435\u043b\u0430\u0442\u044c", "main_video": 10, "lft": 4, "rght": 5, "tree_id": 10, "level": 1}}, {"model": "video.videopart", "pk": 35, "fields": {"source": 19, "key": "d95befff-a5de-4b03-be03-4101fc0c7ca1", "parent": null, "text": "1", "main_video": 11, "lft": 1, "rght": 6, "tree_id": 11, "level": 0}}, {"model": "video.videopart", "pk": 36, "fields": {"source": 20, "key": "f0bc8c32-baf3-4fb4-812b-16e5011a07fb", "parent": 35, "text": "\u0434\u0430", "main_video": 11, "lft": 2, "rght": 3, "tree_id": 11, "level": 1}}, {"model": "video.videopart", "pk": 37, "fields": {"source": 21, "key": "a6cc7ffb-62d3-4216-a1c5-40f88b567992", "parent": 35, "text": "\u043d\u0435\u0442", "main_video": 11, "lft": 4, "rght": 5, "tree_id": 11, "level": 1}}, {"model": "video.videopart", "pk": 41, "fields": {"source": 19, "key": "44823e8d-69a2-4577-a986-b286c4734972", "parent": null, "text": "1", "main_video": 14, "lft": 1, "rght": 6, "tree_id": 13, "level": 0}}, {"model": "video.videopart", "pk": 42, "fields": {"source": 20, "key": "4e0d4a4f-cfc2-4937-a765-d71f7d653182", "parent": 41, "text": "\u0434\u0430", "main_video": 14, "lft": 2, "rght": 3, "tree_id": 13, "level": 1}}, {"model": "video.videopart", "pk": 43, "fields": {"source": 21, "key": "8e1d0e30-3796-4ef6-abe4-ec77351a51bf", "parent": 41, "text": "\u043d\u0435\u0442", "main_video": 14, "lft": 4, "rght": 5, "tree_id": 13, "level": 1}}, {"model": "video.videopart", "pk": 44, "fields": {"source": 22, "key": "ab0b62db-f182-4293-a1d8-c67a3358a9cd", "parent": null, "text": "1", "main_video": 15, "lft": 1, "rght": 6, "tree_id": 14, "level": 0}}, {"model": "video.videopart", "pk": 45, "fields": {"source": 23, "key": "1d224e52-0e41-45ed-9fff-b03107dced0c", "parent": 44, "text": "\u0434\u0430", "main_video": 15, "lft": 2, "rght": 3, "tree_id": 14, "level": 1}}, {"model": "video.videopart", "pk": 46, "fields": {"source": 24, "key": "fdc56386-c268-4814-b15d-bb0ffefaf7a7", "parent": 44, "text": "\u043d\u0435\u0442", "main_video": 15, "lft": 4, "rght": 5, "tree_id": 14, "level": 1}}, {"model": "video.videopart", "pk": 47, "fields": {"source": 22, "key": "57c4bdb6-a89f-4e1f-b29a-cb95ad77ea04", "parent": null, "text": "1", "main_video": 16, "lft": 1, "rght": 6, "tree_id": 15, "level": 0}}, {"model": "video.videopart", "pk": 48, "fields": {"source": 23, "key": "d0fbb0ad-fc86-42b9-91ea-a605fdf16536", "parent": 47, "text": "\u0434\u0430", "main_video": 16, "lft": 2, "rght": 3, "tree_id": 15, "level": 1}}, {"model": "video.videopart", "pk": 49, "fields": {"source": 24, "key": "6028019c-782d-4bdf-b315-608b6d2d0534", "parent": 47, "text": "\u043d\u0435\u0442", "main_video": 16, "lft": 4, "rght": 5, "tree_id": 15, "level": 1}}, {"model": "video.videopart", "pk": 62, "fields": {"source": 25, "key": "ea5790ac-3bfd-4166-a2ea-2ae34a5dfbdc", "parent": null, "text": "1", "main_video": 21, "lft": 1, "rght": 6, "tree_id": 16, "level": 0}}, {"model": "video.videopart", "pk": 63, "fields": {"source": 26, "key": "b91c55f1-1dc1-49c2-ac02-5804e87ce86c", "parent": 62, "text": "\u0434\u0430", "main_video": 21, "lft": 2, "rght": 3, "tree_id": 16, "level": 1}}, {"model": "video.videopart", "pk": 64, "fields": {"source": 27, "key": "ffb20d25-65e1-4484-a60c-180fa5ec09e4", "parent": 62, "text": "\u043d\u0435\u0442", "main_video": 21, "lft": 4, "rght": 5, "tree_id": 16, "level": 1}}, {"model": "video.video", "pk": 1, "fields": {"name": "\u0422\u0430\u043d\u043e\u0441 \u043f\u0440\u043e\u0442\u0438\u0432 \u0416\u0435\u043b\u0435\u0437\u043d\u043e\u0433\u043e \u0427\u0435\u043b\u043e\u0432\u0435\u043a\u0430", "description": "\u0411\u0438\u0442\u0432\u0430 \u043d\u0435 \u043d\u0430 \u0448\u0443\u0442\u043a\u0443, \u043a\u0442\u043e \u043f\u043e\u0431\u0435\u0434\u0438\u0442 \u0432 \u044d\u0442\u043e\u0439 \u043e\u0436\u0435\u0441\u0442\u043e\u0447\u0435\u043d\u043d\u043e\u0439 \u0441\u0445\u0432\u0430\u0442\u043a\u0435??", "key": "mmmmmmm867nv", "preview_picture": "preview_video/2/mmmmmmm867nv", "owner": 2, "head_video_part": 1, "codec": "avc1.64001E, mp4a.40.2", "created": "2019-04-15T11:43:10.141Z", "status": 0, "playlist": 1, "tags": [1, 2, 3, 4, 5, 6, 7, 8, 14]}}, {"model": "video.video", "pk": 2, "fields": {"name": "The Matrix Reloaded - Highway Fight Scene", "description": "The Matrix Reloaded - Highway Fight Scene(HD)", "key": "mmmmmmm25t52", "preview_picture": "preview_video/2/mmmmmmm25t52", "owner": 2, "head_video_part": 6, "codec": "avc1.64001E, mp4a.40.2", "created": "2019-04-15T12:28:42.607Z", "status": 0, "playlist": 1, "tags": [6, 9, 10, 11, 12, 14, 16]}}, {"model": "video.video", "pk": 3, "fields": {"name": "Chinese Pork Belly Recipe by Master Chef", "description": "Meet master chef John Zheng prepares a phenomenal Chinese Pork Belly recipe that will leave you hungry at the end of the video.", "key": "mmmmmmmghpzy", "preview_picture": "preview_video/3/mmmmmmmghpzy", "owner": 3, "head_video_part": 11, "codec": "avc1.64001E, mp4a.40.2", "created": "2019-04-15T13:40:49.307Z", "status": 0, "playlist": 4, "tags": [14, 18, 47, 48, 49, 50, 51]}}, {"model": "video.video", "pk": 4, "fields": {"name": "\u041c\u041e\u042f \u041b\u042e\u0411\u0418\u041c\u0410\u042f \u0416\u0410\u0420\u0415\u041d\u0410\u042f \u041a\u0410\u0420\u0422\u041e\u0428\u041a\u0410! (\u043a\u0430\u043a \u0434\u0435\u043b\u0430\u044e \u044f)", "description": "\u042d\u0442\u043e\u0442 \u043a\u0430\u0440\u0442\u043e\u0444\u0435\u043b\u044c \u0432\u0441\u0435\u0433\u0434\u0430 \u043f\u043e\u043b\u0443\u0447\u0430\u0435\u0442\u0441\u044f \u0430\u0440\u043e\u043c\u0430\u0442\u043d\u044b\u0439, \u0441 \u0445\u0440\u0443\u0441\u0442\u044f\u0449\u0435\u0439 \u043a\u043e\u0440\u043e\u0447\u043a\u043e\u0439 \u0438 \u041e\u0427\u0415\u041d\u042c \u0412\u041a\u0423\u0421\u041d\u042b\u0419, \u0412 \u0440\u0435\u0446\u0435\u043f\u0442\u0435 \u043e\u0441\u043d\u043e\u0432\u043d\u044b\u0435 \u043f\u0440\u0430\u0432\u0438\u043b\u0430, \u043a\u0430\u043a \u043f\u043e\u0436\u0430\u0440\u0438\u0442\u044c \u043a\u0430\u0440\u0442\u043e\u0444\u0435\u043b\u044c \u0447\u0442\u043e\u0431\u044b \u0441\u0440\u0430\u0437\u0438\u0442\u044c \u0432\u0441\u0435\u0445 \u043d\u0430\u043f\u043e\u0432\u0430\u043b.", "key": "mmmmmmm6vyv6", "preview_picture": "preview_video/3/mmmmmmm6vyv6", "owner": 3, "head_video_part": 14, "codec": "avc1.64001E, mp4a.40.2", "created": "2019-04-15T13:44:28.973Z", "status": 0, "playlist": 4, "tags": [14, 16, 17, 18, 49, 50]}}, {"model": "video.video", "pk": 5, "fields": {"name": "PIEM, OXXXYMIRON, J. MAKONNEN, DINAST, LETAI, PALMDROPOV - REALITY (VIDEO 2019)", "description": "Video:\nWritten and directed by ROHO: http://roho.team\nProduction by Zagranitsa: https://zagranitsa.pro\n\nAudio: \nProduced by Claude Money & Viramaina (https://vk.com/realclaudemoney & https://vk.com/viramainaprod)\nMixed & Mastered by Max Kravtsov (https://vk.com/maxim_kravtsov)", "key": "mmmmmmmpbq8b", "preview_picture": "preview_video/4/mmmmmmmpbq8b", "owner": 4, "head_video_part": 17, "codec": "avc1.64001E, mp4a.40.2", "created": "2019-04-15T14:47:54.607Z", "status": 0, "playlist": 7, "tags": [14, 17, 18, 41, 42, 43, 44]}}, {"model": "video.video", "pk": 6, "fields": {"name": "\u041f\u043e\u0441\u043b\u0435\u0434\u043d\u0438\u0439 \u0432\u044b\u043f\u0443\u0441\u043a \u0428\u043e\u0443 \u0411\u0435\u0437 \u041d\u0430\u0437\u0432\u0430\u043d\u0438\u044f. T-killah. \u041d\u0438\u043a\u043e\u043b\u0430\u0439 \u0421\u043e\u0431\u043e\u043b\u0435\u0432. \u0421\u0435\u0440\u0433\u043e \u0438 \u041c\u0443\u0437\u044b\u043a\u0430.", "description": "\u0418\u043d\u0441\u0442\u0430: http://instagram.com/amiran495\n\u041c\u043e\u044f \u0441\u0442\u0440\u0430\u043d\u0438\u0446\u0430: https://vk.com/amirans\n\u0413\u0440\u0443\u043f\u043f\u0430: https://vk.com/dnevnikxacha\n\u041f\u0435\u0440\u0438\u0441\u043a\u043e\u043f: https://www.periscope.tv/Amiran121/\n\u0422\u0432\u0438\u0447 \u043a\u0430\u043d\u0430\u043b: http://www.twitch.tv/amiran335", "key": "mmmmmmm4xct4", "preview_picture": "preview_video/4/mmmmmmm4xct4", "owner": 4, "head_video_part": 20, "codec": "avc1.64001E, mp4a.40.2", "created": "2019-04-15T14:52:36.030Z", "status": 0, "playlist": 7, "tags": [14, 15, 16, 17, 18, 45, 46]}}, {"model": "video.video", "pk": 7, "fields": {"name": "\u4eca\u3001\u76f8\u64b2\u304c\u9762\u767d\u3044!!! \u300c\u5b87\u826f\u300d Exciting Sumo URA", "description": "\u95a2\u897f\u5b66\u9662\u5927\u5b66\u76f8\u64b2\u90e8\u5275\u90e8125\u5e74\u3067\u521d\u306e\u30d7\u30ed\u5165\u308a\u529b\u58eb]\u3002\n\u30ec\u30b9\u30ea\u30f3\u30b0\u306e\u7d4c\u9a13\u3092\u6d3b\u304b\u3057\u305f\u649e\u6728\u53cd\u308a\u3001\u5c45\u53cd\u308a\u3001\u8db3\u53d6\u308a\u306a\u3069\u306e\u73cd\u3057\u3044\u6280\u3092\u7e70\u308a\u51fa\u3059\u53d6\u308a\u53e3\u306e\u76f8\u64b2\u306f\u201c\u30a2\u30af\u30ed\u30d0\u30c3\u30c8\u76f8\u64b2\u201d\u3068\u8a55\u3055\u308c\u5165\u9580\u524d\u304b\u3089\u6ce8\u76ee\u3055\u308c\u3066\u3044\u305f\u3053\u3068\u304b\u3089\u3001\u5165\u9580\u8a18\u8005\u4f1a\u898b\u3067\u306f\u5831\u9053\u9663100", "key": "mmmmmmm9kexw", "preview_picture": "preview_video/5/mmmmmmm9kexw", "owner": 5, "head_video_part": 23, "codec": "avc1.64001E, mp4a.40.2", "created": "2019-04-15T15:49:59.639Z", "status": 0, "playlist": 10, "tags": [15, 16, 17, 18, 34, 36, 37]}}, {"model": "video.video", "pk": 8, "fields": {"name": "\u0422\u041e\u041f 5 \u0421\u0410\u041c\u042b\u0425 \u042d\u041f\u0418\u0427\u041d\u042b\u0425 \u041a\u0410\u041c\u0411\u042d\u041a\u041e\u0412 \u0412 \u042e\u0424\u0421", "description": "\u042d\u0442\u043e \u0442\u043e\u043f 5 \u0431\u043e\u0439\u0446\u043e\u0432, \u043a\u043e\u0442\u043e\u0440\u044b\u0435 \u0441\u043e\u0432\u0435\u0440\u0448\u0438\u043b\u0438 \u043a\u0430\u043c\u0431\u044d\u043a\n\u041d\u0430\u0448 \u0418\u043d\u0441\u0442\u0430\u0433\u0440\u0430\u043c - https://www.instagram.com/mmatimeforeal\n\u0417\u0434\u0435\u0441\u044c \u043c\u044b \u0431\u0443\u0434\u0435\u043c \u043f\u043e\u0441\u0442\u0438\u0442\u044c \u043a\u043e\u0440\u043e\u0442\u043a\u0438\u0435 \u0432\u0435\u0440\u0441\u0438\u0438 \u043d\u0430\u0448\u0438\u0445 \u0432\u0438\u0434\u0435\u043e, \u043d\u043e\u0432\u043e\u0441\u0442\u0438 \u0438 \u0442\u0435\u043a\u0441\u0442\u043e\u0432\u044b\u0435 \u0440\u0430\u0437\u0431\u043e\u0440\u044b \u043f\u043e\u0435\u0434\u0438\u043d\u043a\u043e\u0432.\n\u041f\u043e \u0432\u0441\u0435\u043c \u0432\u043e\u043f\u0440\u043e\u0441\u0430\u043c:\n\u041f\u043e\u0447\u0442\u0430 - nagelshot@gmail.com\n\u0413\u0440\u0443\u043f\u043f\u0430 \u0412\u041a (\u0432\u0435\u0441\u044c \u0441\u0430\u0443\u043d\u0434\u0442\u0440\u0435\u043a \u0437\u0434\u0435\u0441\u044c) - https://vk.com/mmatimeforeal\n\u0422\u0430\u043a\u0436\u0435 \u0441\u043c\u043e\u0442\u0440\u0438\u0442\u0435:\n\u0422\u043e\u043f 5 \u043f\u043e\u0442\u0430\u0441\u043e\u0432\u043e\u043a \u0441 \u0431\u043e\u0439\u0446\u0430\u043c\u0438 \u041c\u041c\u0410 -https://youtu.be/wEQfWhnZrpA\n\u0422\u043e\u043f 5 \u0420\u043e\u0441\u0441\u0438\u0439\u0441\u043a\u0438\u0445 \u0431\u043e\u0439\u0446\u043e\u0432 \u0432 \u042e\u0424\u0421 - https://youtu.be/NStRvuSfjPs\n\u0422\u043e\u043f 5 \u0447\u0435\u043c\u043f\u0438\u043e\u043d\u043e\u0432 \u0432 \u0434\u0432\u0443\u0445 \u0432\u0435\u0441\u043e\u0432\u044b\u0445 - https://youtu.be/LghgAhVLaoc", "key": "mmmmmmmn242n", "preview_picture": "preview_video/5/mmmmmmmn242n", "owner": 5, "head_video_part": 26, "codec": "avc1.64001E, mp4a.40.2", "created": "2019-04-15T15:53:27.419Z", "status": 0, "playlist": 10, "tags": [15, 16, 17, 38, 39, 40]}}, {"model": "video.video", "pk": 9, "fields": {"name": "\u0411\u043e\u0431 \u2013 \u041d\u0418\u041d\u0414\u0417\u042f (\u044d\u043f\u0438\u0437\u043e\u0434 9, \u0441\u0435\u0437\u043e\u043d 4)", "description": "\u0411\u043e\u0431 \u0432 \u0412\u041a: https://vk.com/thisisbob_official\n\u0421\u043e\u0442\u0440\u0443\u0434\u043d\u0438\u0447\u0435\u0441\u0442\u0432\u043e: bob@wildjam.ru\nInstagram \u0411\u043e\u0431\u0430: https://www.instagram.com/official_th...\n\u041a\u0430\u043d\u0430\u043b \u00ab\u0427\u0422\u041e, \u0415\u0421\u041b\u0418\u00bb: https://goo.gl/2EinWX\n\u041a\u0430\u043d\u0430\u043b \u00ab\u0418\u0413\u0420\u042b \u0420\u0410\u0417\u0423\u041c\u0410\u00bb: https://goo.gl/yhaAj1", "key": "mmmmmmmb4tc8", "preview_picture": "preview_video/6/mmmmmmmb4tc8", "owner": 6, "head_video_part": 29, "codec": "avc1.64001E, mp4a.40.2", "created": "2019-04-15T16:00:55.521Z", "status": 0, "playlist": 13, "tags": [14, 16, 18, 23, 32, 33, 34]}}, {"model": "video.video", "pk": 10, "fields": {"name": "\u0414\u0418\u0421\u041d\u0415\u0419 \u0412\u041e\u0420\u0423\u0415\u0422 \u041c\u0423\u041b\u042c\u0422\u0424\u0418\u041b\u042c\u041c\u042b?", "description": "\u041f\u043b\u0430\u0433\u0438\u0430\u0442 \u0438\u043b\u0438 \u0441\u043e\u0432\u043f\u0430\u0434\u0435\u043d\u0438\u0435? \u0420\u0430\u0437\u0431\u043e\u0440 \u0441\u0440\u0430\u0437\u0443 \u043d\u0435\u0441\u043a\u043e\u043b\u044c\u043a\u0438\u0445 \u043f\u043e\u0434\u043e\u0437\u0440\u0438\u0442\u0435\u043b\u044c\u043d\u044b\u0445 \u043c\u043e\u043c\u0435\u043d\u0442\u043e\u0432 \u0432 \u0434\u0438\u0441\u043d\u0435\u0435\u0432\u0441\u043a\u043e\u0439 \u0444\u0438\u043b\u044c\u043c\u043e\u0433\u0440\u0430\u0444\u0438\u0438\nINSTAGRAM: http://instagram.com/siend_k/\n\u0421\u042b\u0415\u041d\u0414\u0423\u041a \u0412\u041a\u041e\u041d\u0422\u0410\u041a\u0422\u0415: http://vk.com/sienduk \n\u0412\u0422\u041e\u0420\u041e\u0419 \u041a\u0410\u041d\u0410\u041b: https://www.youtube.com/user/siendukLIVE\n\u0422\u0412\u0418\u0422\u0422\u0415\u0420: https://twitter.com/sienduk \n\u0421\u044b\u0435\u043d\u0434\u0443\u043a \u0432 Telegram: https://t.me/sndkgram", "key": "mmmmmmmcsqsc", "preview_picture": "preview_video/6/mmmmmmmcsqsc", "owner": 6, "head_video_part": 32, "codec": "avc1.64001E, mp4a.40.2", "created": "2019-04-15T16:04:21.429Z", "status": 0, "playlist": 13, "tags": [14, 15, 18, 22, 23, 33, 35]}}, {"model": "video.video", "pk": 11, "fields": {"name": "\u041d\u043e\u0432\u044b\u0435 \u041f\u0415\u0421\u041d\u0418: \u041c\u042b\u0420\u0417\u0410\u041a - \u0425\u043e\u043b\u043e\u0434 \u0441\u043e\u0431\u0430\u0447\u0438\u0439", "description": "\u0422\u0435\u043f\u0435\u0440\u044c, \u043a\u043e\u0433\u0434\u0430 \u0443\u0441\u043b\u044b\u0448\u0438\u0448\u044c \u043f\u0440\u043e \u0445\u043e\u043b\u043e\u0434 \u0441\u043e\u0431\u0430\u0447\u0438\u0439 \u0443 \u0442\u0435\u0431\u044f \u0431\u0443\u0434\u0435\u0442 \u0432\u043a\u043b\u044e\u0447\u0430\u0442\u044c\u0441\u044f \u044d\u0442\u0430 \u043f\u0435\u0441\u043d\u044f \u0432 \u0433\u043e\u043b\u043e\u0432\u0435! \n\u041f\u043e\u043b\u043d\u044b\u0439 1 \u0432\u044b\u043f\u0443\u0441\u043a \u0448\u043e\u0443 #\u041f\u0415\u0421\u041d\u0418 \u0441\u043c\u043e\u0442\u0440\u0438 \u0437\u0434\u0435\u0441\u044c http://bit.ly/mirzak_1vypusk\n\n\u0412\u044b\u0441\u0442\u0443\u043f\u043b\u0435\u043d\u0438\u044f \u0434\u0440\u0443\u0433\u0438\u0445 \u0443\u0447\u0430\u0441\u0442\u043d\u0438\u043a\u043e\u0432 1 \u0432\u044b\u043f\u0443\u0441\u043a\u0430:\nTRITIA - Wake, https://youtu.be/mlf82Q-Ot5k\n\u0410\u041d\u0418\u041a\u0410 - \u041c\u0438\u0441\u0441 \u044e, https://youtu.be/SN82Zkgq9zU\n\u0410\u0421\u0418\u042f - \u041f\u043e\u0441\u043b\u0435\u0434\u043d\u044f\u044f \u0441\u043b\u0430\u0431\u043e\u0441\u0442\u044c, https://youtu.be/NEiH4YEmeqc\n\u0421\u0422\u0410\u0420\u042b\u0419 \u041b\u041e\u041d\u0414\u041e\u041d - \u0420\u0443\u0441\u0441\u043a\u0438\u0435 \u043c\u0430\u0442\u0440\u0435\u0448\u043a\u0438, https://youtu.be/KJRuSrShByY\n\u041c\u0423\u0410\u0412\u0418\u042f - \u041d\u0435 \u0442\u0430\u043a\u043e\u0439, \u043a\u0430\u043a \u044f: https://youtu.be/ddj9GeaJWGs", "key": "mmmmmmmwezdg", "preview_picture": "preview_video/7/mmmmmmmwezdg", "owner": 7, "head_video_part": 35, "codec": "avc1.64001E, mp4a.40.2", "created": "2019-04-15T16:10:23.424Z", "status": 0, "playlist": 16, "tags": [14, 16, 17, 18, 26, 27, 28]}}, {"model": "video.video", "pk": 12, "fields": {"name": "\u041f\u0435\u0441\u043d\u044f \u043e \u041f\u0435\u0441\u043d\u0435 - Jah Khalib / \u041d\u0443\u0440\u043b\u0430\u043d \u0421\u0430\u0431\u0443\u0440\u043e\u0432", "description": "\u042d\u043f\u0438\u0437\u043e\u0434 \u0438\u0437 \u0448\u043e\u0443 \"\u0421\u0422\u0423\u0414\u0418\u042f \u0421\u041e\u042e\u0417\". #JahKhalib \u0438 #\u041d\u0443\u0440\u043b\u0430\u043d\u0421\u0430\u0431\u0443\u0440\u043e\u0432  \u0443\u0433\u0430\u0434\u044b\u0432\u0430\u044e\u0442 \u043f\u0435\u0441\u043d\u044e \u0432 \"\u041f\u0435\u0441\u043d\u0435 \u043e \u041f\u0435\u0441\u043d\u0438\".\n\n\u0412\u0421\u0415 \u0412\u042b\u041f\u0423\u0421\u041a\u0418 \u0428\u041e\u0423 - http://studia-soyuz.tnt-online.ru\n\n\u0417\u0410\u041f\u0418\u0421\u042c \u041d\u0410 \u041d\u0410\u0428\u0418 \u0412\u0415\u0427\u0415\u0420\u0418\u041d\u041a\u0418 - https://standupmoscow.ru\n\nINSTAGRAM - https://www.instagram.com/studiasoyuz/\nVK - https://vk.com/studiasoyuz\nYOUTUBE - https://www.youtube.com/studiasoyuz", "key": "mmmmmmmjy7yj", "preview_picture": "preview_video/7/mmmmmmmjy7yj", "owner": 7, "head_video_part": null, "codec": "undefined", "created": "2019-04-15T16:13:32.607Z", "status": 0, "playlist": 16, "tags": []}}, {"model": "video.video", "pk": 14, "fields": {"name": "\u041d\u0430\u0433\u0438\u0435\u0432 - \u043f\u0435\u043d\u0441\u0438\u0438, \u0413\u043e\u043b\u043e\u0441, \u0441\u0442\u0438\u0445\u043e\u0442\u0432\u043e\u0440\u0435\u043d\u0438\u0435 \u0432 \u041a\u0440\u0435\u043c\u043b\u0435 / \u0432\u0414\u0443\u0434\u044c", "description": "\u041e\u0442\u043b\u0438\u0447\u043d\u043e\u0435 \u0441\u0435\u043c\u0435\u0439\u043d\u043e\u0435 \u0430\u0432\u0442\u043e \u0434\u043b\u044f \u043f\u0435\u0440\u0435\u0434\u0432\u0438\u0436\u0435\u043d\u0438\u0439 \u043f\u043e \u0433\u043e\u0440\u043e\u0434\u0443 \u0438 \u043c\u0435\u0436\u0434\u0443 \u0433\u043e\u0440\u043e\u0434\u0430\u043c\u0438: https://bit.ly/2xsaWx0\n\n\u041f\u043e\u0441\u043b\u0443\u0448\u0430\u0442\u044c \u043f\u0440\u0438\u0440\u043e\u0434\u0443, \u0432\u043a\u0443\u0441\u043d\u043e \u043f\u043e\u0435\u0441\u0442\u044c, \u043f\u043e\u0440\u044b\u0431\u0430\u0447\u0438\u0442\u044c \u0438 \u043f\u043e\u0436\u0438\u0442\u044c \u0432 \u0434\u043e\u043c\u0435, \u0433\u0434\u0435 \u0414\u0443\u0434\u044c \u0440\u0430\u0441\u0441\u043a\u0430\u0437\u044b\u0432\u0430\u043b \u043e \u043d\u043e\u0432\u043e\u0439 Hyundai, \u043c\u043e\u0436\u043d\u043e \u0437\u0434\u0435\u0441\u044c http://zavidnoe-club.com/\n\n\u0438\u043d\u0441\u0442\u0430\u0433\u0440\u0430\u043c \u041d\u0430\u0433\u0438\u0435\u0432\u0430 - https://www.instagram.com/nagiev.univ...\n\n\u0438\u043d\u0441\u0442\u0430\u0433\u0440\u0430\u043c \u0414\u0443\u0434\u044f - https://www.instagram.com/yurydud/ \n\u0432\u043a\u043e\u043d\u0442\u043e\u0441 \u0414\u0443\u0434\u044f - https://vk.com/vdud \n\u043e\u0434\u043d\u043e\u043a\u043b\u0430\u0441\u0441\u043d\u0438\u043a\u0438 \u0414\u0443\u0434\u044f - https://ok.ru/vdud \n\u0442\u0432\u0438\u0442\u0442\u0435\u0440 \u0414\u0443\u0434\u044f - https://twitter.com/yurydud", "key": "mmmmmmmrfp3r", "preview_picture": "preview_video/7/mmmmmmmrfp3r", "owner": 7, "head_video_part": 41, "codec": "avc1.64001E, mp4a.40.2", "created": "2019-04-15T16:16:20.561Z", "status": 0, "playlist": 16, "tags": [14, 16, 18, 29, 30, 31]}}, {"model": "video.video", "pk": 15, "fields": {"name": "\u041f\u0440\u0438\u0442\u0447\u0430 \u043e \u0442\u0440\u0435\u0441\u043d\u0443\u0432\u0448\u0435\u043c \u043a\u0443\u0432\u0448\u0438\u043d\u0435, \u0438\u043b\u0438 \u0438\u0441\u043f\u043e\u043b\u044c\u0437\u0443\u0439 \u0441\u0432\u043e\u0438 \u043d\u0435\u0434\u043e\u0441\u0442\u0430\u0442\u043a\u0438 \u0432\u043e \u0431\u043b\u0430\u0433\u043e", "description": "\u0412 \u043f\u0440\u0438\u0442\u0447\u0430\u0445 \u0437\u0430\u0447\u0430\u0441\u0442\u0443\u044e \u0432\u0435\u0434\u0443\u0442\u0441\u044f \u0442\u0430\u043a\u0438\u0435 \u0434\u0438\u0430\u043b\u043e\u0433\u0438 \u0441 \u0440\u0430\u0437\u043b\u0438\u0447\u043d\u044b\u043c\u0438 \u0437\u0432\u0435\u0440\u044f\u043c\u0438, \u043f\u0442\u0438\u0446\u0430\u043c\u0438 \u0438 \u0434\u0430\u0436\u0435 \u0432\u0435\u0449\u0430\u043c\u0438. \u0413\u0435\u0440\u043e\u0439 \u044d\u0442\u043e\u0439 \u043f\u0440\u0438\u0442\u0447\u044b - \u044d\u0442\u043e \u043a\u0443\u0432\u0448\u0438\u043d. \u041d\u043e \u043d\u0435\u043e\u0431\u044b\u0447\u043d\u044b\u0439 \u043a\u0443\u0432\u0448\u0438\u043d, \u0441 \u043d\u0435\u043f\u0440\u043e\u0441\u0442\u043e\u0439 \u0441\u0443\u0434\u044c\u0431\u043e\u0439. \u0427\u0442\u043e-\u0442\u043e \u0442\u0430\u043c \u0441\u043b\u0443\u0447\u0438\u043b\u043e\u0441\u044c, \u0438 \u0443\u0436\u0435 2 \u0433\u043e\u0434\u0430 \u0443 \u043a\u0443\u0432\u0448\u0438\u043d\u0430 \u0435\u0441\u0442\u044c \u0442\u0440\u0435\u0449\u0438\u043d\u0430 - \u043d\u0435\u0434\u043e\u0441\u0442\u0430\u0442\u043e\u043a, \u043e\u0442\u043a\u0443\u0434\u0430 \u0443\u0445\u043e\u0434\u0438\u0442 \u043f\u043e\u043b\u043e\u0432\u0438\u043d\u0430 \u0432\u043e\u0434\u044b. \u041d\u043e \u0432\u043e\u0434\u043e\u043d\u043e\u0441 \u043e\u0431\u044a\u044f\u0441\u043d\u044f\u0435\u0442 \u0438 \u043f\u043e\u043a\u0430\u0437\u044b\u0432\u0430\u0435\u0442 \u043a\u0443\u0432\u0448\u0438\u043d\u0443, \u043a\u0430\u043a \u043e\u043d \u0432\u043e \u0431\u043b\u0430\u0433\u043e \u0438\u0441\u043f\u043e\u043b\u044c\u0437\u043e\u0432\u0430\u043b \u044d\u0442\u043e\u0442 \u0435\u0433\u043e \u043d\u0435\u0434\u043e\u0441\u0442\u0430\u0442\u043e\u043a.\n\n\u0422\u0430\u043a \u0436\u0435 \u0438 \u0441 \u043d\u0430\u0448\u0438\u043c\u0438 \u043d\u0435\u0434\u043e\u0441\u0442\u0430\u0442\u043a\u0430\u043c\u0438. \u041c\u044b \u0441\u0442\u0435\u0441\u043d\u044f\u0435\u043c\u0441\u044f, \u043a\u043e\u043c\u043f\u043b\u0435\u043a\u0441\u0443\u0435\u043c, \u0430 \u043d\u0430 \u0441\u0430\u043c\u043e\u043c \u0434\u0435\u043b\u0435, \u0432\u043e\u0437\u043c\u043e\u0436\u043d\u043e, \u044d\u0442\u043e \u0438 \u043d\u0435\u0434\u043e\u0441\u0442\u0430\u0442\u043e\u043a \u0432\u043e\u0432\u0441\u0435.", "key": "mmmmmmmzmff9", "preview_picture": "preview_video/8/mmmmmmmzmff9", "owner": 8, "head_video_part": 44, "codec": "avc1.64001E, mp4a.40.2", "created": "2019-04-15T16:28:36.317Z", "status": 0, "playlist": 19, "tags": [14, 15, 16, 17, 18, 20, 21, 22]}}, {"model": "video.video", "pk": 16, "fields": {"name": "\"\u0414\u0436\u043e\u043a\u0435\u0440/Joker\" | \u041f\u043e\u043a\u0430\u0434\u0440\u043e\u0432\u044b\u0439 \u0440\u0430\u0437\u0431\u043e\u0440", "description": "\u041c\u043e\u0439 \u0438\u043d\u0441\u0442\u0430\u0433\u0440\u0430\u043c - http://instagram.com/timberm4n\n\n\u0418\u043d\u0441\u0442\u0430\u0433\u0440\u0430\u043c Cut The Crap - https://www.instagram.com/cutthecraptv\nTelegram - http://t.me/cutterpool\n\u0413\u0440\u0443\u043f\u043f\u0430 \u0432\u043a - http://vk.com/CutTheCrapTV\nFacebook - http://facebook.com/cutthecraptv\nTwitter - https://twitter.com/cutterpool\nCoub - http://coub.com/cutthecraptv", "key": "mmmmmmmmz7z5", "preview_picture": "preview_video/8/mmmmmmmmz7z5", "owner": 8, "head_video_part": 47, "codec": "avc1.64001E, mp4a.40.2", "created": "2019-04-15T17:12:50.659Z", "status": 0, "playlist": 19, "tags": [14, 15, 16, 18, 20, 23, 24, 25]}}, {"model": "video.video", "pk": 21, "fields": {"name": "Facebook Live: Pain Management", "description": "Dr. Steven Stanos, Dr. James Babington and Dr. Sharon Hsu discuss a a balanced approach to pain management.", "key": "mmmmmmmp3zuu", "preview_picture": "preview_video/9/mmmmmmmp3zuu", "owner": 9, "head_video_part": 62, "codec": "avc1.64001E, mp4a.40.2", "created": "2019-04-15T20:02:47.436Z", "status": 0, "playlist": 22, "tags": [13, 14, 15, 16, 17, 18, 19]}}, {"model": "channel.channel", "pk": 1, "fields": {"name": "SuperheroChannel", "description": "Evolution videos of Marvel & DC characters in movies,cartoons, tv shows & games.", "owner": 2, "key": "mmmmmmm867nv", "head_picture": "head_channel/2/mmmmmmm867nv", "created": "2019-04-15T11:35:27.020Z", "status": 0, "subscribers": [1, 9]}}, {"model": "channel.channel", "pk": 2, "fields": {"name": "Cooking Interactively", "description": "\u0420\u0435\u0448\u0430\u0439 \u0441\u0430\u043c \u043a\u0430\u043a\u043e\u0439 \u0432\u044b\u0431\u0440\u0430\u0442\u044c \u0440\u0435\u0446\u0435\u043f\u0442! \u0417\u0430\u0445\u0432\u0430\u0442\u044b\u0432\u0430\u044e\u0449\u0435\u0435 \u0431\u043b\u044e\u0434\u0430 \u0438 \u043d\u0435\u043e\u0436\u0438\u0434\u0430\u043d\u043d\u044b\u0439 \u043a\u043e\u043d\u0435\u0446!", "owner": 3, "key": "mmmmmmm25t52", "head_picture": "head_channel/3/mmmmmmm25t52", "created": "2019-04-15T11:47:58.216Z", "status": 0, "subscribers": [1, 2]}}, {"model": "channel.channel", "pk": 3, "fields": {"name": "GameplayChannel", "description": "\u0421\u043c\u043e\u0442\u0440\u0438 \u043a\u0430\u043a \u044f \u0438\u0433\u0440\u0430\u044e \u0432 \u0440\u0430\u0437\u043d\u044b\u0435 \u0438\u0433\u0440\u044b, \u0440\u0430\u0437\u0432\u0438\u0432\u0430\u044e\u0441\u044c \u0438 \u0434\u0435\u043b\u0430\u044e \u043d\u0435\u043e\u0431\u044b\u0447\u043d\u044b\u0439 \u043a\u043e\u043d\u0442\u0435\u043d\u0442!", "owner": 4, "key": "mmmmmmmghpzy", "head_picture": "head_channel/4/mmmmmmmghpzy", "created": "2019-04-15T11:52:19.767Z", "status": 0, "subscribers": [1, 2, 9]}}, {"model": "channel.channel", "pk": 4, "fields": {"name": "Combat Sport Official", "description": "\u0418\u0437\u0443\u0447\u0430\u0435\u043c \u043f\u0440\u0438\u0435\u043c\u044b, \u043f\u043e\u0437\u0438\u0446\u0438\u0438, \u0437\u0430\u0445\u0432\u0430\u0442\u044b, \u0431\u043e\u043b\u0435\u0432\u044b\u0435. \u0420\u0430\u0437\u0432\u0438\u0432\u0430\u0439\u0441\u044f \u0432\u043c\u0435\u0441\u0442\u0435 \u0441 \u043d\u0430\u043c\u0438, \u0441\u0442\u0430\u043d\u044c \u043d\u0435\u043f\u043e\u0431\u0435\u0434\u0438\u043c\u044b\u043c \u043f\u0440\u043e\u0444\u0435\u0441\u0441\u0438\u043e\u043d\u0430\u043b\u043e\u043c!", "owner": 5, "key": "mmmmmmm6vyv6", "head_picture": "head_channel/5/mmmmmmm6vyv6", "created": "2019-04-15T11:55:47.326Z", "status": 0, "subscribers": [2]}}, {"model": "channel.channel", "pk": 5, "fields": {"name": "Yukki \u042f\u043f\u043e\u043d\u0441\u043a\u043e\u0435 \u0448\u043e\u0443", "description": "\u0421\u043c\u043e\u0442\u0440\u0438 \u044f\u043f\u043e\u043d\u0441\u043a\u0438\u0435 \u0442\u0435\u043b\u0435\u043f\u0435\u0440\u0435\u0434\u0430\u0447\u0438 \u0438 \u043f\u0440\u0438\u043d\u0438\u043c\u0430\u0439 \u0440\u0435\u0448\u0435\u043d\u0438\u044f \u0437\u0430\u043c\u0435\u0441\u0442\u043e \u0443\u0447\u0430\u0441\u0442\u043d\u0438\u043a\u043e\u0432!", "owner": 6, "key": "mmmmmmmpbq8b", "head_picture": "head_channel/6/mmmmmmmpbq8b", "created": "2019-04-15T11:58:46.852Z", "status": 0, "subscribers": []}}, {"model": "channel.channel", "pk": 6, "fields": {"name": "Famous People Play", "description": "\u041f\u0440\u0438\u043d\u0438\u043c\u0430\u0439 \u0440\u0435\u0448\u0435\u043d\u0438\u044f \u0437\u0430 \u0438\u0437\u0432\u0435\u0441\u0442\u043d\u044b\u0445 \u043b\u044e\u0434\u0435\u0439!", "owner": 7, "key": "mmmmmmm4xct4", "head_picture": "head_channel/7/mmmmmmm4xct4", "created": "2019-04-15T12:02:15.169Z", "status": 0, "subscribers": []}}, {"model": "channel.channel", "pk": 7, "fields": {"name": "\u0418\u043d\u0442\u0435\u0440\u0430\u043a\u0442\u0438\u0432\u043d\u044b\u0435 \u0438\u0441\u0442\u043e\u0440\u0438\u0438 \u0438 \u0438\u0441\u0441\u043b\u0435\u0434\u043e\u0432\u0430\u043d\u0438\u044f", "description": "\u041f\u043e\u043c\u043e\u0433\u0438 \u043c\u043d\u0435 \u0440\u0430\u0437\u043e\u0431\u0440\u0430\u0442\u044c\u0441\u044f, \u0432\u044b\u0431\u0438\u0440\u0430\u0439 \u043a\u0443\u0434\u0430 \u043c\u043d\u0435 \u0438\u0434\u0442\u0438 \u0438 \u0432\u043c\u0435\u0441\u0442\u0435 \u043c\u044b \u043e\u0442\u043a\u0440\u043e\u0435\u043c \u043c\u043d\u043e\u0433\u043e \u043d\u043e\u0432\u043e\u0433\u043e!", "owner": 8, "key": "mmmmmmm9kexw", "head_picture": "head_channel/8/mmmmmmm9kexw", "created": "2019-04-15T12:05:04.378Z", "status": 0, "subscribers": []}}, {"model": "channel.channel", "pk": 8, "fields": {"name": "\u041f\u0440\u043e\u0441\u0442\u043e \u043e \u043c\u0438\u0440\u0435 IT!", "description": "\u0437\u0434\u0435\u0441\u044c \u0442\u044b \u043d\u0430\u0439\u0434\u0435\u0448\u044c \u0443\u0440\u043e\u043a\u0438 \u043f\u043e \u043f\u0440\u043e\u0433\u0440\u0430\u043c\u043c\u0438\u0440\u043e\u0432\u0430\u043d\u0438\u044e, \u0432\u044b\u043f\u0443\u0441\u043a\u0438 \u043f\u0440\u043e \u0445\u0430\u043a\u0438\u043d\u0433, \u043f\u043e\u0434\u0431\u043e\u0440\u043a\u0438, \u0442\u043e\u043f\u044b, \u0433\u0430\u0439\u0434\u044b \u0438 \u0432\u0441\u0451 \u0442\u0430\u043a\u043e\u0435 \u0438\u0437 \u0442\u0438\u043f\u0438\u0447\u043d\u043e\u0439 \u0436\u0438\u0437\u043d\u0438 \u0430\u0439\u0442\u0438\u0448\u043d\u0438\u043a\u0430.\n\u041f\u0440\u0438 \u044d\u0442\u043e\u043c \u044f \u0441\u0442\u0430\u0440\u0430\u044e\u0441\u044c \u0441\u0434\u0435\u043b\u0430\u0442\u044c \u044d\u0442\u043e \u0442\u0430\u043a, \u0447\u0442\u043e\u0431\u044b \u0432\u043e\u043e\u0431\u0449\u0435 \u043b\u044e\u0431\u043e\u0439 \u0447\u0435\u043b\u043e\u0432\u0435\u043a \u043f\u043e\u043d\u044f\u043b \u043e \u0447\u0451\u043c \u044f \u0433\u043e\u0432\u043e\u0440\u044e \u0438 \u0447\u0435\u043c\u0443 \u0443\u0447\u0443.\n\u0412\u0435\u0434\u044c \u043f\u0440\u043e\u0433\u0440\u0430\u043c\u043c\u0438\u0440\u043e\u0432\u0430\u043d\u0438\u0435 \u0438 \u043c\u0438\u0440 IT \u0442\u0435\u0445\u043d\u043e\u043b\u043e\u0433\u0438\u0439 - \u044d\u0442\u043e \u0442\u0430\u043a \u043f\u0440\u043e\u0441\u0442\u043e \u0438 \u0438\u043d\u0442\u0435\u0440\u0435\u0441\u043d\u043e!\n\n \u0416\u0415\u041b\u0415\u0417\u041e \u0410\u0432\u0442\u043e\u0440\u0430\ni7 6700K / Zotac GTX 970 / 16GB Kingston Hyperx-Fury DDR4 / Kingston SSD 500GB / WD RED HDD 4TB / LG Ultrawide 29\" / Cooler Master Silent Pro M2 1000W / Gigabyte Z170X-Gaming 3 / Asus DVD 24x 2x / \u041a\u043b\u0430\u0432\u0438\u0430\u0442\u0443\u0440\u0430/\u041c\u044b\u0448\u044c/\u041a\u043e\u0432\u0440\u0438\u043a Cobra Mazer / Windows 10 + Linux Ubuntu\n\n\u0416\u043c\u0438 https://vk.com/topic-84392011_33547510\n\n\u0414\u0435\u0442\u0430\u043b\u0438 \u0438 \u043e\u0442\u0437\u044b\u0432\u044b \u0437\u0434\u0435\u0441\u044c: https://vk.com/topic-84392011_33285530\n\u0410 \u0432\u043e\u043e\u0431\u0449\u0435 \u043f\u0438\u0448\u0438\u0442\u0435 \u043c\u043d\u0435 \u043d\u0430 \u043f\u043e\u0447\u0442\u0443: priler96@gmail.com", "owner": 9, "key": "mmmmmmmn242n", "head_picture": "head_channel/9/mmmmmmmn242n", "created": "2019-04-15T12:07:57.996Z", "status": 0, "subscribers": []}}, {"model": "channel.channel", "pk": 9, "fields": {"name": "AdminChannel", "description": "\u041a\u0430\u043d\u0430\u043b \u0430\u0434\u043c\u0438\u043d\u0430", "owner": 1, "key": "mmmmmmmb4tc8", "head_picture": "head_channel/1/mmmmmmmb4tc8", "created": "2019-04-16T18:12:36.283Z", "status": 0, "subscribers": []}}, {"model": "channel.playlist", "pk": 1, "fields": {"name": "\u0412\u0441\u0435 \u0432\u0438\u0434\u0435\u043e", "description": "\u0412\u0441\u0435 \u0432\u0430\u0448\u0438 \u0437\u0430\u0433\u0440\u0443\u0436\u0435\u043d\u043d\u044b\u0435 \u0432\u0438\u0434\u0435\u043e", "key": "mmmmmmm867nv", "preview_picture": "preview_playlist/2/mmmmmmm867nv", "status": 1, "channel": 1}}, {"model": "channel.playlist", "pk": 2, "fields": {"name": "\u0421\u043a\u0440\u044b\u0442\u044b\u0435 \u0432\u0438\u0434\u0435\u043e", "description": "\u0412\u0441\u0435 \u0432\u0430\u0448\u0438 \u0441\u043a\u0440\u044b\u0442\u044b\u0435 \u0432\u0438\u0434\u0435\u043e", "key": "mmmmmmm25t52", "preview_picture": "preview_playlist/2/mmmmmmm25t52", "status": 2, "channel": 1}}, {"model": "channel.playlist", "pk": 3, "fields": {"name": "\u0423\u0434\u0430\u043b\u0435\u043d\u043d\u044b\u0435 \u0432\u0438\u0434\u0435\u043e", "description": "\u0412\u0441\u0435 \u0432\u0430\u0448\u0438 \u0443\u0434\u0430\u043b\u0435\u043d\u043d\u044b\u0435 \u0432\u0438\u0434\u0435\u043e", "key": "mmmmmmmghpzy", "preview_picture": "preview_playlist/2/mmmmmmmghpzy", "status": 3, "channel": 1}}, {"model": "channel.playlist", "pk": 4, "fields": {"name": "\u0412\u0441\u0435 \u0432\u0438\u0434\u0435\u043e", "description": "\u0412\u0441\u0435 \u0432\u0430\u0448\u0438 \u0437\u0430\u0433\u0440\u0443\u0436\u0435\u043d\u043d\u044b\u0435 \u0432\u0438\u0434\u0435\u043e", "key": "mmmmmmm6vyv6", "preview_picture": "preview_playlist/3/mmmmmmm6vyv6", "status": 1, "channel": 2}}, {"model": "channel.playlist", "pk": 5, "fields": {"name": "\u0421\u043a\u0440\u044b\u0442\u044b\u0435 \u0432\u0438\u0434\u0435\u043e", "description": "\u0412\u0441\u0435 \u0432\u0430\u0448\u0438 \u0441\u043a\u0440\u044b\u0442\u044b\u0435 \u0432\u0438\u0434\u0435\u043e", "key": "mmmmmmmpbq8b", "preview_picture": "preview_playlist/3/mmmmmmmpbq8b", "status": 2, "channel": 2}}, {"model": "channel.playlist", "pk": 6, "fields": {"name": "\u0423\u0434\u0430\u043b\u0435\u043d\u043d\u044b\u0435 \u0432\u0438\u0434\u0435\u043e", "description": "\u0412\u0441\u0435 \u0432\u0430\u0448\u0438 \u0443\u0434\u0430\u043b\u0435\u043d\u043d\u044b\u0435 \u0432\u0438\u0434\u0435\u043e", "key": "mmmmmmm4xct4", "preview_picture": "preview_playlist/3/mmmmmmm4xct4", "status": 3, "channel": 2}}, {"model": "channel.playlist", "pk": 7, "fields": {"name": "\u0412\u0441\u0435 \u0432\u0438\u0434\u0435\u043e", "description": "\u0412\u0441\u0435 \u0432\u0430\u0448\u0438 \u0437\u0430\u0433\u0440\u0443\u0436\u0435\u043d\u043d\u044b\u0435 \u0432\u0438\u0434\u0435\u043e", "key": "mmmmmmm9kexw", "preview_picture": "preview_playlist/4/mmmmmmm9kexw", "status": 1, "channel": 3}}, {"model": "channel.playlist", "pk": 8, "fields": {"name": "\u0421\u043a\u0440\u044b\u0442\u044b\u0435 \u0432\u0438\u0434\u0435\u043e", "description": "\u0412\u0441\u0435 \u0432\u0430\u0448\u0438 \u0441\u043a\u0440\u044b\u0442\u044b\u0435 \u0432\u0438\u0434\u0435\u043e", "key": "mmmmmmmn242n", "preview_picture": "preview_playlist/4/mmmmmmmn242n", "status": 2, "channel": 3}}, {"model": "channel.playlist", "pk": 9, "fields": {"name": "\u0423\u0434\u0430\u043b\u0435\u043d\u043d\u044b\u0435 \u0432\u0438\u0434\u0435\u043e", "description": "\u0412\u0441\u0435 \u0432\u0430\u0448\u0438 \u0443\u0434\u0430\u043b\u0435\u043d\u043d\u044b\u0435 \u0432\u0438\u0434\u0435\u043e", "key": "mmmmmmmb4tc8", "preview_picture": "preview_playlist/4/mmmmmmmb4tc8", "status": 3, "channel": 3}}, {"model": "channel.playlist", "pk": 10, "fields": {"name": "\u0412\u0441\u0435 \u0432\u0438\u0434\u0435\u043e", "description": "\u0412\u0441\u0435 \u0432\u0430\u0448\u0438 \u0437\u0430\u0433\u0440\u0443\u0436\u0435\u043d\u043d\u044b\u0435 \u0432\u0438\u0434\u0435\u043e", "key": "mmmmmmmcsqsc", "preview_picture": "preview_playlist/5/mmmmmmmcsqsc", "status": 1, "channel": 4}}, {"model": "channel.playlist", "pk": 11, "fields": {"name": "\u0421\u043a\u0440\u044b\u0442\u044b\u0435 \u0432\u0438\u0434\u0435\u043e", "description": "\u0412\u0441\u0435 \u0432\u0430\u0448\u0438 \u0441\u043a\u0440\u044b\u0442\u044b\u0435 \u0432\u0438\u0434\u0435\u043e", "key": "mmmmmmmwezdg", "preview_picture": "preview_playlist/5/mmmmmmmwezdg", "status": 2, "channel": 4}}, {"model": "channel.playlist", "pk": 12, "fields": {"name": "\u0423\u0434\u0430\u043b\u0435\u043d\u043d\u044b\u0435 \u0432\u0438\u0434\u0435\u043e", "description": "\u0412\u0441\u0435 \u0432\u0430\u0448\u0438 \u0443\u0434\u0430\u043b\u0435\u043d\u043d\u044b\u0435 \u0432\u0438\u0434\u0435\u043e", "key": "mmmmmmmjy7yj", "preview_picture": "preview_playlist/5/mmmmmmmjy7yj", "status": 3, "channel": 4}}, {"model": "channel.playlist", "pk": 13, "fields": {"name": "\u0412\u0441\u0435 \u0432\u0438\u0434\u0435\u043e", "description": "\u0412\u0441\u0435 \u0432\u0430\u0448\u0438 \u0437\u0430\u0433\u0440\u0443\u0436\u0435\u043d\u043d\u044b\u0435 \u0432\u0438\u0434\u0435\u043e", "key": "mmmmmmmy9cgp", "preview_picture": "preview_playlist/6/mmmmmmmy9cgp", "status": 1, "channel": 5}}, {"model": "channel.playlist", "pk": 14, "fields": {"name": "\u0421\u043a\u0440\u044b\u0442\u044b\u0435 \u0432\u0438\u0434\u0435\u043e", "description": "\u0412\u0441\u0435 \u0432\u0430\u0448\u0438 \u0441\u043a\u0440\u044b\u0442\u044b\u0435 \u0432\u0438\u0434\u0435\u043e", "key": "mmmmmmmrfp3r", "preview_picture": "preview_playlist/6/mmmmmmmrfp3r", "status": 2, "channel": 5}}, {"model": "channel.playlist", "pk": 15, "fields": {"name": "\u0423\u0434\u0430\u043b\u0435\u043d\u043d\u044b\u0435 \u0432\u0438\u0434\u0435\u043e", "description": "\u0412\u0441\u0435 \u0432\u0430\u0448\u0438 \u0443\u0434\u0430\u043b\u0435\u043d\u043d\u044b\u0435 \u0432\u0438\u0434\u0435\u043e", "key": "mmmmmmmzmff9", "preview_picture": "preview_playlist/6/mmmmmmmzmff9", "status": 3, "channel": 5}}, {"model": "channel.playlist", "pk": 16, "fields": {"name": "\u0412\u0441\u0435 \u0432\u0438\u0434\u0435\u043e", "description": "\u0412\u0441\u0435 \u0432\u0430\u0448\u0438 \u0437\u0430\u0433\u0440\u0443\u0436\u0435\u043d\u043d\u044b\u0435 \u0432\u0438\u0434\u0435\u043e", "key": "mmmmmmmmz7z5", "preview_picture": "preview_playlist/7/mmmmmmmmz7z5", "status": 1, "channel": 6}}, {"model": "channel.playlist", "pk": 17, "fields": {"name": "\u0421\u043a\u0440\u044b\u0442\u044b\u0435 \u0432\u0438\u0434\u0435\u043e", "description": "\u0412\u0441\u0435 \u0432\u0430\u0448\u0438 \u0441\u043a\u0440\u044b\u0442\u044b\u0435 \u0432\u0438\u0434\u0435\u043e", "key": "mmmmmmm8sc7t", "preview_picture": "preview_playlist/7/mmmmmmm8sc7t", "status": 2, "channel": 6}}, {"model": "channel.playlist", "pk": 18, "fields": {"name": "\u0423\u0434\u0430\u043b\u0435\u043d\u043d\u044b\u0435 \u0432\u0438\u0434\u0435\u043e", "description": "\u0412\u0441\u0435 \u0432\u0430\u0448\u0438 \u0443\u0434\u0430\u043b\u0435\u043d\u043d\u044b\u0435 \u0432\u0438\u0434\u0435\u043e", "key": "mmmmmmmcjy6s", "preview_picture": "preview_playlist/7/mmmmmmmcjy6s", "status": 3, "channel": 6}}, {"model": "channel.playlist", "pk": 19, "fields": {"name": "\u0412\u0441\u0435 \u0432\u0438\u0434\u0435\u043e", "description": "\u0412\u0441\u0435 \u0432\u0430\u0448\u0438 \u0437\u0430\u0433\u0440\u0443\u0436\u0435\u043d\u043d\u044b\u0435 \u0432\u0438\u0434\u0435\u043e", "key": "mmmmmmmwcqj3", "preview_picture": "preview_playlist/8/mmmmmmmwcqj3", "status": 1, "channel": 7}}, {"model": "channel.playlist", "pk": 20, "fields": {"name": "\u0421\u043a\u0440\u044b\u0442\u044b\u0435 \u0432\u0438\u0434\u0435\u043e", "description": "\u0412\u0441\u0435 \u0432\u0430\u0448\u0438 \u0441\u043a\u0440\u044b\u0442\u044b\u0435 \u0432\u0438\u0434\u0435\u043e", "key": "mmmmmmm6xqx7", "preview_picture": "preview_playlist/8/mmmmmmm6xqx7", "status": 2, "channel": 7}}, {"model": "channel.playlist", "pk": 21, "fields": {"name": "\u0423\u0434\u0430\u043b\u0435\u043d\u043d\u044b\u0435 \u0432\u0438\u0434\u0435\u043e", "description": "\u0412\u0441\u0435 \u0432\u0430\u0448\u0438 \u0443\u0434\u0430\u043b\u0435\u043d\u043d\u044b\u0435 \u0432\u0438\u0434\u0435\u043e", "key": "mmmmmmmp3zuu", "preview_picture": "preview_playlist/8/mmmmmmmp3zuu", "status": 3, "channel": 7}}, {"model": "channel.playlist", "pk": 22, "fields": {"name": "\u0412\u0441\u0435 \u0432\u0438\u0434\u0435\u043e", "description": "\u0412\u0441\u0435 \u0432\u0430\u0448\u0438 \u0437\u0430\u0433\u0440\u0443\u0436\u0435\u043d\u043d\u044b\u0435 \u0432\u0438\u0434\u0435\u043e", "key": "mmmmmmmrptba", "preview_picture": "preview_playlist/9/mmmmmmmrptba", "status": 1, "channel": 8}}, {"model": "channel.playlist", "pk": 23, "fields": {"name": "\u0421\u043a\u0440\u044b\u0442\u044b\u0435 \u0432\u0438\u0434\u0435\u043e", "description": "\u0412\u0441\u0435 \u0432\u0430\u0448\u0438 \u0441\u043a\u0440\u044b\u0442\u044b\u0435 \u0432\u0438\u0434\u0435\u043e", "key": "mmmmmmm5wppq", "preview_picture": "preview_playlist/9/mmmmmmm5wppq", "status": 2, "channel": 8}}, {"model": "channel.playlist", "pk": 24, "fields": {"name": "\u0423\u0434\u0430\u043b\u0435\u043d\u043d\u044b\u0435 \u0432\u0438\u0434\u0435\u043e", "description": "\u0412\u0441\u0435 \u0432\u0430\u0448\u0438 \u0443\u0434\u0430\u043b\u0435\u043d\u043d\u044b\u0435 \u0432\u0438\u0434\u0435\u043e", "key": "mmmmmmmndtdz", "preview_picture": "preview_playlist/9/mmmmmmmndtdz", "status": 3, "channel": 8}}, {"model": "channel.playlist", "pk": 25, "fields": {"name": "\u0412\u0441\u0435 \u0432\u0438\u0434\u0435\u043e", "description": "\u0412\u0441\u0435 \u0432\u0430\u0448\u0438 \u0437\u0430\u0433\u0440\u0443\u0436\u0435\u043d\u043d\u044b\u0435 \u0432\u0438\u0434\u0435\u043e", "key": "mmmmmmmbtpax", "preview_picture": "", "status": 1, "channel": 9}}, {"model": "channel.playlist", "pk": 26, "fields": {"name": "\u0421\u043a\u0440\u044b\u0442\u044b\u0435 \u0432\u0438\u0434\u0435\u043e", "description": "\u0412\u0441\u0435 \u0432\u0430\u0448\u0438 \u0441\u043a\u0440\u044b\u0442\u044b\u0435 \u0432\u0438\u0434\u0435\u043e", "key": "mmmmmmm4r74d", "preview_picture": "", "status": 2, "channel": 9}}, {"model": "channel.playlist", "pk": 27, "fields": {"name": "\u0423\u0434\u0430\u043b\u0435\u043d\u043d\u044b\u0435 \u0432\u0438\u0434\u0435\u043e", "description": "\u0412\u0441\u0435 \u0432\u0430\u0448\u0438 \u0443\u0434\u0430\u043b\u0435\u043d\u043d\u044b\u0435 \u0432\u0438\u0434\u0435\u043e", "key": "mmmmmmm9bcrf", "preview_picture": "", "status": 3, "channel": 9}}, {"model": "rating.rating", "pk": 1, "fields": {"video": 1, "counter": 2}}, {"model": "rating.rating", "pk": 2, "fields": {"video": 2, "counter": 1}}, {"model": "rating.rating", "pk": 3, "fields": {"video": 3, "counter": -1}}, {"model": "rating.rating", "pk": 4, "fields": {"video": 4, "counter": 0}}, {"model": "rating.rating", "pk": 5, "fields": {"video": 5, "counter": 0}}, {"model": "rating.rating", "pk": 6, "fields": {"video": 6, "counter": 0}}, {"model": "rating.rating", "pk": 7, "fields": {"video": 7, "counter": 0}}, {"model": "rating.rating", "pk": 8, "fields": {"video": 8, "counter": 0}}, {"model": "rating.rating", "pk": 9, "fields": {"video": 9, "counter": -1}}, {"model": "rating.rating", "pk": 10, "fields": {"video": 10, "counter": 0}}, {"model": "rating.rating", "pk": 11, "fields": {"video": 11, "counter": 0}}, {"model": "rating.rating", "pk": 12, "fields": {"video": 12, "counter": 0}}, {"model": "rating.rating", "pk": 14, "fields": {"video": 14, "counter": 0}}, {"model": "rating.rating", "pk": 15, "fields": {"video": 15, "counter": 0}}, {"model": "rating.rating", "pk": 16, "fields": {"video": 16, "counter": 0}}, {"model": "rating.rating", "pk": 21, "fields": {"video": 21, "counter": 0}}, {"model": "rating.ratingrecord", "pk": 1, "fields": {"author": 9, "rating": 2, "value": 1}}, {"model": "rating.ratingrecord", "pk": 2, "fields": {"author": 9, "rating": 3, "value": -1}}, {"model": "rating.ratingrecord", "pk": 3, "fields": {"author": 9, "rating": 1, "value": 1}}, {"model": "rating.ratingrecord", "pk": 4, "fields": {"author": 2, "rating": 9, "value": -1}}, {"model": "rating.ratingrecord", "pk": 5, "fields": {"author": 2, "rating": 1, "value": 1}}, {"model": "views.views", "pk": 1, "fields": {"video": 1, "counter": 69}}, {"model": "views.views", "pk": 2, "fields": {"video": 2, "counter": 92}}, {"model": "views.views", "pk": 3, "fields": {"video": 3, "counter": 15}}, {"model": "views.views", "pk": 4, "fields": {"video": 4, "counter": 4}}, {"model": "views.views", "pk": 5, "fields": {"video": 5, "counter": 4}}, {"model": "views.views", "pk": 6, "fields": {"video": 6, "counter": 2}}, {"model": "views.views", "pk": 7, "fields": {"video": 7, "counter": 4}}, {"model": "views.views", "pk": 8, "fields": {"video": 8, "counter": 4}}, {"model": "views.views", "pk": 9, "fields": {"video": 9, "counter": 3}}, {"model": "views.views", "pk": 10, "fields": {"video": 10, "counter": 4}}, {"model": "views.views", "pk": 11, "fields": {"video": 11, "counter": 3}}, {"model": "views.views", "pk": 12, "fields": {"video": 12, "counter": 0}}, {"model": "views.views", "pk": 14, "fields": {"video": 14, "counter": 2}}, {"model": "views.views", "pk": 15, "fields": {"video": 15, "counter": 2}}, {"model": "views.views", "pk": 16, "fields": {"video": 16, "counter": 1}}, {"model": "views.views", "pk": 21, "fields": {"video": 21, "counter": 4}}, {"model": "tag.tag", "pk": 1, "fields": {"text": "\u0441\u0443\u043f\u0435\u0440\u0433\u0435\u0440\u043e\u0438"}}, {"model": "tag.tag", "pk": 2, "fields": {"text": "marvel"}}, {"model": "tag.tag", "pk": 3, "fields": {"text": "\u043a\u043e\u043c\u0438\u043a\u0441\u044b"}}, {"model": "tag.tag", "pk": 4, "fields": {"text": "\u0442\u0430\u043d\u043e\u0441"}}, {"model": "tag.tag", "pk": 5, "fields": {"text": "iron_man"}}, {"model": "tag.tag", "pk": 6, "fields": {"text": "fight"}}, {"model": "tag.tag", "pk": 7, "fields": {"text": "thanos"}}, {"model": "tag.tag", "pk": 8, "fields": {"text": "\u0436\u0435\u043b\u0435\u0437\u043d\u044b\u0439_\u0447\u0435\u043b\u043e\u0432\u0435\u043a"}}, {"model": "tag.tag", "pk": 9, "fields": {"text": "matrix"}}, {"model": "tag.tag", "pk": 10, "fields": {"text": "neo"}}, {"model": "tag.tag", "pk": 11, "fields": {"text": "morfeus"}}, {"model": "tag.tag", "pk": 12, "fields": {"text": "zeon"}}, {"model": "tag.tag", "pk": 13, "fields": {"text": "facebook"}}, {"model": "tag.tag", "pk": 14, "fields": {"text": "\u0432\u0438\u0434\u0435\u043e"}}, {"model": "tag.tag", "pk": 15, "fields": {"text": "mailru"}}, {"model": "tag.tag", "pk": 16, "fields": {"text": "interactive"}}, {"model": "tag.tag", "pk": 17, "fields": {"text": "cool"}}, {"model": "tag.tag", "pk": 18, "fields": {"text": "russia"}}, {"model": "tag.tag", "pk": 19, "fields": {"text": "myvideo"}}, {"model": "tag.tag", "pk": 20, "fields": {"text": "\u0438\u0441\u0442\u043e\u0440\u0438\u0438"}}, {"model": "tag.tag", "pk": 21, "fields": {"text": "\u043b\u0443\u0447\u0448\u0435\u0435"}}, {"model": "tag.tag", "pk": 22, "fields": {"text": "\u043a\u0440\u0443\u0442\u043e"}}, {"model": "tag.tag", "pk": 23, "fields": {"text": "\u0442\u043e\u043f"}}, {"model": "tag.tag", "pk": 24, "fields": {"text": "\u043c\u0430\u0448\u0438\u043d\u0430"}}, {"model": "tag.tag", "pk": 25, "fields": {"text": "joker"}}, {"model": "tag.tag", "pk": 26, "fields": {"text": "\u043f\u0435\u0441\u043d\u0438"}}, {"model": "tag.tag", "pk": 27, "fields": {"text": "\u0445\u043e\u043b\u043e\u0434"}}, {"model": "tag.tag", "pk": 28, "fields": {"text": "\u0441\u043e\u0431\u0430\u0447\u0438\u0439"}}, {"model": "tag.tag", "pk": 29, "fields": {"text": "\u043d\u0430\u0433\u0438\u0435\u0432"}}, {"model": "tag.tag", "pk": 30, "fields": {"text": "\u0434\u0443\u0434\u044c"}}, {"model": "tag.tag", "pk": 31, "fields": {"text": "\u0438\u043d\u0442\u0435\u0440\u0432\u044c\u044e"}}, {"model": "tag.tag", "pk": 32, "fields": {"text": "bob"}}, {"model": "tag.tag", "pk": 33, "fields": {"text": "\u043c\u0443\u043b\u044c\u0442\u0438\u043a"}}, {"model": "tag.tag", "pk": 34, "fields": {"text": "\u044f\u043f\u043e\u043d\u0438\u044f"}}, {"model": "tag.tag", "pk": 35, "fields": {"text": "\u0434\u0438\u0441\u043d\u0435\u0439"}}, {"model": "tag.tag", "pk": 36, "fields": {"text": "sumo"}}, {"model": "tag.tag", "pk": 37, "fields": {"text": "\u0431\u043e\u0440\u044c\u0431\u0430"}}, {"model": "tag.tag", "pk": 38, "fields": {"text": "ufc"}}, {"model": "tag.tag", "pk": 39, "fields": {"text": "fighting"}}, {"model": "tag.tag", "pk": 40, "fields": {"text": "awesome"}}, {"model": "tag.tag", "pk": 41, "fields": {"text": "\u0440\u0435\u043f"}}, {"model": "tag.tag", "pk": 42, "fields": {"text": "versus"}}, {"model": "tag.tag", "pk": 43, "fields": {"text": "battle"}}, {"model": "tag.tag", "pk": 44, "fields": {"text": "oxxxymiron"}}, {"model": "tag.tag", "pk": 45, "fields": {"text": "amiran"}}, {"model": "tag.tag", "pk": 46, "fields": {"text": "\u0448\u043e\u0443"}}, {"model": "tag.tag", "pk": 47, "fields": {"text": "master"}}, {"model": "tag.tag", "pk": 48, "fields": {"text": "chef"}}, {"model": "tag.tag", "pk": 49, "fields": {"text": "\u0435\u0434\u0430"}}, {"model": "tag.tag", "pk": 50, "fields": {"text": "cooking"}}, {"model": "tag.tag", "pk": 51, "fields": {"text": "food"}}, {"model": "admin.logentry", "pk": 1, "fields": {"action_time": "2019-04-15T19:58:58.001Z", "user": 1, "content_type": 9, "object_id": "13", "object_repr": "Video object (13)", "action_flag": 3, "change_message": ""}}, {"model": "admin.logentry", "pk": 2, "fields": {"action_time": "2019-04-15T19:58:58.109Z", "user": 1, "content_type": 9, "object_id": "17", "object_repr": "Video object (17)", "action_flag": 3, "change_message": ""}}, {"model": "admin.logentry", "pk": 3, "fields": {"action_time": "2019-04-15T19:58:58.232Z", "user": 1, "content_type": 9, "object_id": "18", "object_repr": "Video object (18)", "action_flag": 3, "change_message": ""}}, {"model": "admin.logentry", "pk": 4, "fields": {"action_time": "2019-04-15T19:58:58.321Z", "user": 1, "content_type": 9, "object_id": "19", "object_repr": "Video object (19)", "action_flag": 3, "change_message": ""}}, {"model": "admin.logentry", "pk": 5, "fields": {"action_time": "2019-04-15T19:58:58.422Z", "user": 1, "content_type": 9, "object_id": "20", "object_repr": "Video object (20)", "action_flag": 3, "change_message": ""}}]