[{"model": "auth.user", "pk": 1, "fields": {"password": "pbkdf2_sha256$120000$62Epft5lXhZE$NoHwVfCxwcf/GgzzlxDv/sUwP5lnUpS6dp5fVFTJBvc=", "last_login": "2019-03-17T13:28:55.160Z", "is_superuser": true, "username": "admin", "first_name": "", "last_name": "", "email": "door0172@gmail.com", "is_staff": true, "is_active": true, "date_joined": "2019-03-03T09:37:20.033Z", "groups": [], "user_permissions": []}}, {"model": "auth.user", "pk": 2, "fields": {"password": "pbkdf2_sha256$120000$ulWZKKIDIS02$yOvVITyrGxHCo1Wo1OtJJgiCK2aGCsaphkc84x4mBSk=", "last_login": null, "is_superuser": false, "username": "Highoc", "first_name": "", "last_name": "", "email": "", "is_staff": false, "is_active": true, "date_joined": "2019-03-24T16:02:46.471Z", "groups": [], "user_permissions": []}}, {"model": "auth.user", "pk": 3, "fields": {"password": "pbkdf2_sha256$120000$IZJuFyOdHzki$opnqOXKJG8d6oc2Xy0s4mYA4sazvK1ODevFnJW0e0y4=", "last_login": null, "is_superuser": false, "username": "jokerety", "first_name": "", "last_name": "", "email": "", "is_staff": false, "is_active": true, "date_joined": "2019-03-24T16:21:17.089Z", "groups": [], "user_permissions": []}}, {"model": "auth.user", "pk": 4, "fields": {"password": "pbkdf2_sha256$120000$h94kwraATZXd$GN6OvPRD76l1097nIm5zjEwPSMScxDEKaP5jS1OeM8w=", "last_login": null, "is_superuser": false, "username": "test", "first_name": "", "last_name": "", "email": "", "is_staff": false, "is_active": true, "date_joined": "2019-03-25T19:32:02.064Z", "groups": [], "user_permissions": []}}, {"model": "auth.user", "pk": 5, "fields": {"password": "pbkdf2_sha256$120000$BoMtvl5DKkxH$gkoMbUjz12FhY0TPmUzSAC2o7hAvuR6hvVOADw4Ubys=", "last_login": null, "is_superuser": false, "username": "bobs", "first_name": "", "last_name": "", "email": "", "is_staff": false, "is_active": true, "date_joined": "2019-03-25T19:36:39.368Z", "groups": [], "user_permissions": []}}, {"model": "auth.user", "pk": 6, "fields": {"password": "pbkdf2_sha256$120000$ScXlEhdEfine$jq9LmBkfBngFBPKNmI1qyYuShinG8VeoOOqKtKIZlFE=", "last_login": null, "is_superuser": false, "username": "dq", "first_name": "", "last_name": "", "email": "", "is_staff": false, "is_active": true, "date_joined": "2019-03-25T20:51:22.682Z", "groups": [], "user_permissions": []}}, {"model": "sessions.session", "pk": "7mtdim2qz8ny5svgfpacddsc8e7nsvw6", "fields": {"session_data": "NDhhMjIxY2Q2YzQxZGMxOTYzMzFmOGE2NWZiNzI3YzRiYjU2OTMzYTp7Il9hdXRoX3VzZXJfaWQiOiIxIiwiX2F1dGhfdXNlcl9iYWNrZW5kIjoiZGphbmdvLmNvbnRyaWIuYXV0aC5iYWNrZW5kcy5Nb2RlbEJhY2tlbmQiLCJfYXV0aF91c2VyX2hhc2giOiIxMDIyMDJmZTliZmNmZTBmYWIwMTgzYmJkMzI0YzUzMjA3YjI3N2FjIn0=", "expire_date": "2019-03-31T13:28:55.250Z"}}, {"model": "sessions.session", "pk": "fqou5jlbwc47dy0ib04kve89ypsn2jd7", "fields": {"session_data": "NDhhMjIxY2Q2YzQxZGMxOTYzMzFmOGE2NWZiNzI3YzRiYjU2OTMzYTp7Il9hdXRoX3VzZXJfaWQiOiIxIiwiX2F1dGhfdXNlcl9iYWNrZW5kIjoiZGphbmdvLmNvbnRyaWIuYXV0aC5iYWNrZW5kcy5Nb2RlbEJhY2tlbmQiLCJfYXV0aF91c2VyX2hhc2giOiIxMDIyMDJmZTliZmNmZTBmYWIwMTgzYmJkMzI0YzUzMjA3YjI3N2FjIn0=", "expire_date": "2019-03-20T19:42:12.050Z"}}, {"model": "sessions.session", "pk": "qcb2ak71u7oc4enxjhya57eiaxot0cd4", "fields": {"session_data": "NDhhMjIxY2Q2YzQxZGMxOTYzMzFmOGE2NWZiNzI3YzRiYjU2OTMzYTp7Il9hdXRoX3VzZXJfaWQiOiIxIiwiX2F1dGhfdXNlcl9iYWNrZW5kIjoiZGphbmdvLmNvbnRyaWIuYXV0aC5iYWNrZW5kcy5Nb2RlbEJhY2tlbmQiLCJfYXV0aF91c2VyX2hhc2giOiIxMDIyMDJmZTliZmNmZTBmYWIwMTgzYmJkMzI0YzUzMjA3YjI3N2FjIn0=", "expire_date": "2019-03-31T16:23:34.830Z"}}, {"model": "core.profile", "pk": 1, "fields": {"user": 1, "key": "7cf18860-21d8-46ed-82d2-ec85a1ee5d61", "avatar": "profile_avatars/7cf1886021d846ed82d2ec85a1ee5d61"}}, {"model": "core.profile", "pk": 2, "fields": {"user": 2, "key": "2b7cd614-45fa-4c91-99ee-095f9615efb9", "avatar": ""}}, {"model": "core.profile", "pk": 3, "fields": {"user": 3, "key": "6096d17c-4134-44bf-a1f2-2390dd0dc2f7", "avatar": ""}}, {"model": "core.profile", "pk": 4, "fields": {"user": 4, "key": "2ed4f3c8-356a-4f73-bda0-42007c9d78ae", "avatar": ""}}, {"model": "core.profile", "pk": 5, "fields": {"user": 5, "key": "80023a18-c028-4aff-a935-8267a532a85a", "avatar": ""}}, {"model": "core.profile", "pk": 6, "fields": {"user": 6, "key": "9dc3b2f6-ff57-4a6b-b5ed-fc525dbe08dd", "avatar": ""}}, {"model": "video.source", "pk": 1, "fields": {"name": "videoplayback.mp4", "description": "jjjj", "owner": 1, "preview_picture": "", "time": 61.068, "key": "2a7f6188-b3c4-48df-a783-c7ecc480a758", "content": "source_video/1/2a7f6188b3c448dfa783c7ecc480a758", "mime": "video/mp4", "codec": "undefined", "created": "2019-03-03T20:53:59.337Z", "status": 2}}, {"model": "video.source", "pk": 2, "fields": {"name": "deed.mp4", "description": "ded", "owner": 1, "preview_picture": "", "time": 17.437, "key": "9ea4f0ae-5c2f-43bc-9deb-53f6975cf763", "content": "source_video/1/9ea4f0ae5c2f43bc9deb53f6975cf763", "mime": "video/mp4", "codec": "undefined", "created": "2019-03-03T21:07:51.380Z", "status": 2}}, {"model": "video.source", "pk": 3, "fields": {"name": "\u0441\u043e\u0432\u0430.mp4", "description": "owl is cool", "owner": 1, "preview_picture": "", "time": 15.417, "key": "a6257cbc-4f74-4e95-b8b1-bd0d2987d339", "content": "source_video/1/a6257cbc4f744e95b8b1bd0d2987d339", "mime": "video/mp4", "codec": "undefined", "created": "2019-03-03T21:08:14.424Z", "status": 2}}, {"model": "video.source", "pk": 4, "fields": {"name": "\u041a\u043e\u0440\u043e\u0442\u043a\u043e\u0435 \u0432\u0438\u0434\u0435\u043e \u043f\u0440\u043e \u043a\u043e\u0442\u0430 \u0438 \u043c\u0430\u043b\u044b\u0448\u0430)))).mp4", "description": "baby", "owner": 1, "preview_picture": "", "time": 21.107, "key": "c4c67c24-182b-4e96-beb0-b22e2df5a60a", "content": "source_video/1/c4c67c24182b4e96beb0b22e2df5a60a", "mime": "video/mp4", "codec": "undefined", "created": "2019-03-03T21:08:30.955Z", "status": 2}}, {"model": "video.source", "pk": 5, "fields": {"name": "\u041e\u0447\u0435\u043d\u044c \u0441\u0442\u0440\u0430\u043d\u043d\u044b\u0439 \u043a\u043e\u0442. \u041a\u043e\u0440\u043e\u0442\u043a\u043e\u0435 \u0432\u0438\u0434\u0435\u043e.mp4", "description": "kitten", "owner": 1, "preview_picture": "", "time": 11.331, "key": "68128842-af09-458c-9c19-39fb250600e3", "content": "source_video/1/68128842af09458c9c1939fb250600e3", "mime": "video/mp4", "codec": "undefined", "created": "2019-03-03T21:30:57.878Z", "status": 2}}, {"model": "video.source", "pk": 6, "fields": {"name": "test_video.mp4", "description": "azaza", "owner": 1, "preview_picture": "", "time": 70.008, "key": "d4e4bf82-4d3a-43c1-befa-c7051578191b", "content": "source_video/1/d4e4bf824d3a43c1befac7051578191b", "mime": "video/mp4", "codec": "undefined", "created": "2019-03-09T19:00:58.778Z", "status": 2}}, {"model": "video.source", "pk": 7, "fields": {"name": "test_video.mp4", "description": "azazazaza", "owner": 1, "preview_picture": "", "time": 70.008, "key": "cb8182c6-2ce6-4be8-81f2-6733ab25b41a", "content": "source_video/1/cb8182c62ce64be881f26733ab25b41a", "mime": "video/mp4", "codec": "avc1.42401F, mp4a.40.2", "created": "2019-03-09T20:11:20.840Z", "status": 2}}, {"model": "video.source", "pk": 8, "fields": {"name": "part1_dashinit.mp4", "description": "Part 1", "owner": 1, "preview_picture": "", "time": 15.523, "key": "b2b76a59-3071-4a54-b988-5b85735c4599", "content": "source_video/1/b2b76a5930714a54b9885b85735c4599", "mime": "video/mp4", "codec": "avc1.64001E, mp4a.40.2", "created": "2019-03-10T09:34:55.342Z", "status": 0}}, {"model": "video.source", "pk": 9, "fields": {"name": "part2_dashinit.mp4", "description": "Part 2", "owner": 1, "preview_picture": "", "time": 31.323, "key": "318ff927-e250-46d7-9d20-0021de99a25d", "content": "source_video/1/318ff927e25046d79d200021de99a25d", "mime": "video/mp4", "codec": "avc1.64001E, mp4a.40.2", "created": "2019-03-10T09:35:04.865Z", "status": 0}}, {"model": "video.source", "pk": 10, "fields": {"name": "part3_dashinit.mp4", "description": "Part 3", "owner": 1, "preview_picture": "", "time": 15.573, "key": "0b0979e6-f0a1-4150-a9e8-1100fa0fb56c", "content": "source_video/1/0b0979e6f0a14150a9e81100fa0fb56c", "mime": "video/mp4", "codec": "avc1.64001E, mp4a.40.2", "created": "2019-03-10T09:36:20.744Z", "status": 0}}, {"model": "video.source", "pk": 11, "fields": {"name": "part4_dashinit.mp4", "description": "Part 4", "owner": 1, "preview_picture": "", "time": 30.023, "key": "c40afb51-3a96-422a-b230-8ce8da422385", "content": "source_video/1/c40afb513a96422ab2308ce8da422385", "mime": "video/mp4", "codec": "avc1.64001E, mp4a.40.2", "created": "2019-03-10T09:36:27.716Z", "status": 0}}, {"model": "video.source", "pk": 12, "fields": {"name": "part5_dashinit.mp4", "description": "Part 5", "owner": 1, "preview_picture": "", "time": 14.68, "key": "dde62189-f1e4-4abd-bfab-216a69b87678", "content": "source_video/1/dde62189f1e44abdbfab216a69b87678", "mime": "video/mp4", "codec": "avc1.64001E, mp4a.40.2", "created": "2019-03-10T09:37:06.107Z", "status": 1}}, {"model": "video.source", "pk": 13, "fields": {"name": "part6_dashinit.mp4", "description": "Part 6", "owner": 1, "preview_picture": "", "time": 15.023, "key": "88c64fd8-4c87-400b-a437-f33635426c77", "content": "source_video/1/88c64fd84c87400ba437f33635426c77", "mime": "video/mp4", "codec": "avc1.64001E, mp4a.40.2", "created": "2019-03-10T09:37:12.544Z", "status": 1}}, {"model": "video.source", "pk": 14, "fields": {"name": "part7_dashinit.mp4", "description": "Part 7", "owner": 1, "preview_picture": "", "time": 20.023, "key": "da5554b7-4ae8-4908-a65a-f746a6633868", "content": "source_video/1/da5554b74ae84908a65af746a6633868", "mime": "video/mp4", "codec": "avc1.64001E, mp4a.40.2", "created": "2019-03-10T09:37:18.907Z", "status": 1}}, {"model": "video.source", "pk": 15, "fields": {"name": "part8_dashinit.mp4", "description": "Part 8", "owner": 1, "preview_picture": "", "time": 20.023, "key": "ec022736-9df0-4c59-afd4-572ef1edf6e5", "content": "source_video/1/ec0227369df04c59afd4572ef1edf6e5", "mime": "video/mp4", "codec": "avc1.64001E, mp4a.40.2", "created": "2019-03-10T09:37:26.773Z", "status": 1}}, {"model": "video.source", "pk": 16, "fields": {"name": "part9_dashinit.mp4", "description": "Part 9", "owner": 1, "preview_picture": "", "time": 10.578, "key": "8e29fd35-9319-4b47-9eed-083fc994dfa0", "content": "source_video/1/8e29fd3593194b479eed083fc994dfa0", "mime": "video/mp4", "codec": "avc1.64001E, mp4a.40.2", "created": "2019-03-10T09:37:34.370Z", "status": 1}}, {"model": "video.source", "pk": 17, "fields": {"name": "part10_dashinit.mp4", "description": "Part 10", "owner": 1, "preview_picture": "", "time": 25.04, "key": "1c5c259b-316b-4aac-ab64-f5f8cb673d52", "content": "source_video/1/1c5c259b316b4aacab64f5f8cb673d52", "mime": "video/mp4", "codec": "avc1.64001E, mp4a.40.2", "created": "2019-03-10T09:37:42.152Z", "status": 1}}, {"model": "video.videopart", "pk": 1, "fields": {"source": 1, "key": "ae6f94a2-7246-47c8-9ada-0b953e939a2e", "parent": null, "text": "Start", "main_video": 1, "lft": 1, "rght": 16, "tree_id": 1, "level": 0}}, {"model": "video.videopart", "pk": 2, "fields": {"source": 2, "key": "b0adab20-406a-42df-8cf5-2dcd15eec9e7", "parent": 1, "text": "Yes", "main_video": 1, "lft": 2, "rght": 7, "tree_id": 1, "level": 1}}, {"model": "video.videopart", "pk": 3, "fields": {"source": 3, "key": "c45c07bc-0b8e-470c-bdeb-589279d27df7", "parent": 2, "text": "OK", "main_video": 1, "lft": 3, "rght": 4, "tree_id": 1, "level": 2}}, {"model": "video.videopart", "pk": 4, "fields": {"source": 4, "key": "f18a28ae-b43e-40b4-a09a-f3f9b3b2dc2e", "parent": 1, "text": "No", "main_video": 1, "lft": 8, "rght": 15, "tree_id": 1, "level": 1}}, {"model": "video.videopart", "pk": 5, "fields": {"source": 3, "key": "2805991e-9d4c-485b-b059-9b9442a2474e", "parent": 4, "text": "Yes", "main_video": 1, "lft": 9, "rght": 10, "tree_id": 1, "level": 2}}, {"model": "video.videopart", "pk": 6, "fields": {"source": 2, "key": "c0a9810f-367e-4eac-8830-25de75116281", "parent": 4, "text": "No", "main_video": 1, "lft": 11, "rght": 14, "tree_id": 1, "level": 2}}, {"model": "video.videopart", "pk": 7, "fields": {"source": 1, "key": "4275d674-87db-40b9-84ba-b262b1ee6803", "parent": 2, "text": "OK", "main_video": 1, "lft": 5, "rght": 6, "tree_id": 1, "level": 2}}, {"model": "video.videopart", "pk": 8, "fields": {"source": 5, "key": "4347f2a8-4dfa-4f16-84a2-c8c6d17b6a8d", "parent": 6, "text": "Yep", "main_video": 1, "lft": 12, "rght": 13, "tree_id": 1, "level": 3}}, {"model": "video.videopart", "pk": 10, "fields": {"source": 8, "key": "fcb13545-9353-44d5-a6fa-208df95c8bcd", "parent": null, "text": "Start", "main_video": 3, "lft": 1, "rght": 20, "tree_id": 2, "level": 0}}, {"model": "video.videopart", "pk": 11, "fields": {"source": 8, "key": "1318b48f-4217-4cb5-8b89-7f6ea003a866", "parent": null, "text": "Start", "main_video": 4, "lft": 1, "rght": 10, "tree_id": 3, "level": 0}}, {"model": "video.videopart", "pk": 12, "fields": {"source": 9, "key": "be3004da-17ba-4646-9a42-1ec2cd271cbd", "parent": 10, "text": "Yep", "main_video": 3, "lft": 2, "rght": 19, "tree_id": 2, "level": 1}}, {"model": "video.videopart", "pk": 13, "fields": {"source": 10, "key": "608a88fd-d674-488d-a02e-2cfd30baeb6d", "parent": 12, "text": "Yes", "main_video": 3, "lft": 3, "rght": 10, "tree_id": 2, "level": 2}}, {"model": "video.videopart", "pk": 14, "fields": {"source": 11, "key": "b7d66cdb-8309-45c9-a336-2d17955f1fb9", "parent": 12, "text": "No", "main_video": 3, "lft": 11, "rght": 18, "tree_id": 2, "level": 2}}, {"model": "video.videopart", "pk": 15, "fields": {"source": 12, "key": "357695f1-6631-4e30-8e3c-6ac1408ec4e9", "parent": 13, "text": "Yes", "main_video": 3, "lft": 4, "rght": 7, "tree_id": 2, "level": 3}}, {"model": "video.videopart", "pk": 16, "fields": {"source": 13, "key": "8dabe6bc-3a4f-484f-80d2-36bb1a991cbf", "parent": 13, "text": "No", "main_video": 3, "lft": 8, "rght": 9, "tree_id": 2, "level": 3}}, {"model": "video.videopart", "pk": 17, "fields": {"source": 14, "key": "4a646b44-b834-4f68-8d50-b14372c796c2", "parent": 14, "text": "Yes", "main_video": 3, "lft": 12, "rght": 15, "tree_id": 2, "level": 3}}, {"model": "video.videopart", "pk": 18, "fields": {"source": 15, "key": "e1b5243c-b1d6-4acf-88b0-25c6d0707578", "parent": 14, "text": "No", "main_video": 3, "lft": 16, "rght": 17, "tree_id": 2, "level": 3}}, {"model": "video.videopart", "pk": 19, "fields": {"source": 17, "key": "b387f642-a9a1-4125-9d5c-cddc90658d47", "parent": 15, "text": "Yep", "main_video": 3, "lft": 5, "rght": 6, "tree_id": 2, "level": 4}}, {"model": "video.videopart", "pk": 20, "fields": {"source": 16, "key": "f1ffed0c-baf4-4127-8f30-db09dca13cfa", "parent": 17, "text": "Yep", "main_video": 3, "lft": 13, "rght": 14, "tree_id": 2, "level": 4}}, {"model": "video.videopart", "pk": 21, "fields": {"source": 9, "key": "9ebe454f-28b2-4578-9b2f-0cbbdfc977b4", "parent": 11, "text": "Yes", "main_video": 4, "lft": 2, "rght": 5, "tree_id": 3, "level": 1}}, {"model": "video.videopart", "pk": 22, "fields": {"source": 11, "key": "b4c4fd9d-a734-48d1-a19d-18f1e3af1b6e", "parent": 11, "text": "No", "main_video": 4, "lft": 6, "rght": 9, "tree_id": 3, "level": 1}}, {"model": "video.videopart", "pk": 23, "fields": {"source": 10, "key": "3349f025-1329-45d6-860e-a7f8ec1db397", "parent": 21, "text": "Yep", "main_video": 4, "lft": 3, "rght": 4, "tree_id": 3, "level": 2}}, {"model": "video.videopart", "pk": 24, "fields": {"source": 12, "key": "880d4041-0e4e-4e78-8cdb-6fa04a3a6d1c", "parent": 22, "text": "Yep", "main_video": 4, "lft": 7, "rght": 8, "tree_id": 3, "level": 2}}, {"model": "video.videopart", "pk": 25, "fields": {"source": 10, "key": "dd75b2e9-d778-496c-a4a1-d21579904c79", "parent": null, "text": "3", "main_video": 5, "lft": 1, "rght": 2, "tree_id": 4, "level": 0}}, {"model": "video.videopart", "pk": 26, "fields": {"source": 8, "key": "0c9d4ee8-63ec-4f61-8ff8-bb4d3e1c5889", "parent": null, "text": "1", "main_video": 5, "lft": 1, "rght": 2, "tree_id": 5, "level": 0}}, {"model": "video.videopart", "pk": 27, "fields": {"source": 9, "key": "8beb4880-11a6-4347-bc0b-11da1df3e10e", "parent": null, "text": "2", "main_video": 5, "lft": 1, "rght": 2, "tree_id": 6, "level": 0}}, {"model": "video.videopart", "pk": 28, "fields": {"source": 8, "key": "ce2a9d46-dd22-4d64-a2cc-fd0437a6d77f", "parent": null, "text": "111", "main_video": 6, "lft": 1, "rght": 6, "tree_id": 7, "level": 0}}, {"model": "video.videopart", "pk": 29, "fields": {"source": 9, "key": "edc4b55c-4c00-4e6c-878f-0809b6bef38d", "parent": 28, "text": "112", "main_video": 6, "lft": 2, "rght": 3, "tree_id": 7, "level": 1}}, {"model": "video.videopart", "pk": 30, "fields": {"source": 10, "key": "8a4e2729-44d3-49ac-babb-d18ecfe1d209", "parent": 28, "text": "113", "main_video": 6, "lft": 4, "rght": 5, "tree_id": 7, "level": 1}}, {"model": "video.videopart", "pk": 31, "fields": {"source": 8, "key": "1cc4709e-0793-4303-8618-e61f6a1b0dd9", "parent": null, "text": "111", "main_video": 7, "lft": 1, "rght": 10, "tree_id": 8, "level": 0}}, {"model": "video.videopart", "pk": 32, "fields": {"source": 9, "key": "7a06c2c4-57b3-407c-bba6-f80479da376e", "parent": 31, "text": "122", "main_video": 7, "lft": 2, "rght": 7, "tree_id": 8, "level": 1}}, {"model": "video.videopart", "pk": 33, "fields": {"source": 11, "key": "4f7bf749-1ad1-4951-97b6-cf8ff7f3c6e9", "parent": 32, "text": "131", "main_video": 7, "lft": 3, "rght": 4, "tree_id": 8, "level": 2}}, {"model": "video.videopart", "pk": 34, "fields": {"source": 10, "key": "3216f8b4-70be-4c99-876e-8ffd414fceb4", "parent": 32, "text": "132", "main_video": 7, "lft": 5, "rght": 6, "tree_id": 8, "level": 2}}, {"model": "video.videopart", "pk": 35, "fields": {"source": 10, "key": "3f3ad126-00a8-490c-9a62-5e3ff364148b", "parent": 31, "text": "123", "main_video": 7, "lft": 8, "rght": 9, "tree_id": 8, "level": 1}}, {"model": "video.video", "pk": 1, "fields": {"name": "\u0422\u0435\u0441\u0442\u043e\u0432\u043e\u0435 \u0432\u0438\u0434\u0435\u043e", "description": "\u0422\u0435\u0441\u0442\u0438\u043c \u0442\u0435\u0441\u0442\u043e\u0432\u043e\u0435 \u0432\u0438\u0434\u0435\u043e", "key": "a1b2c3x4y5z6", "preview_picture": "", "owner": 1, "head_video_part": 1, "codec": "undefined", "created": "2019-03-06T20:00:59.548Z", "status": 2, "playlist": 4}}, {"model": "video.video", "pk": 3, "fields": {"name": "\u0422\u0435\u0441\u0442\u043e\u0432\u043e\u0435 \u0432\u0438\u0434\u0435\u043e 1", "description": "\u0422\u0435\u0441\u0442\u0438\u043c \u0442\u0435\u0441\u0442\u043e\u0432\u043e\u0435 \u0432\u0438\u0434\u0435\u043e 1", "key": "12deadbeef21", "preview_picture": "", "owner": 1, "head_video_part": 10, "codec": "avc1.64001E, mp4a.40.2", "created": "2019-03-10T09:56:41.583Z", "status": 0, "playlist": 2}}, {"model": "video.video", "pk": 4, "fields": {"name": "\u0422\u0435\u0441\u0442\u043e\u0432\u0430\u0435 \u0432\u0438\u0434\u0435\u043e 2", "description": "\u0422\u0435\u0441\u0442\u0438\u043c \u0442\u0435\u0441\u0442\u043e\u0432\u043e\u0435 \u0432\u0438\u0434\u0435\u043e 2", "key": "21deadbeef12", "preview_picture": "", "owner": 1, "head_video_part": 11, "codec": "avc1.64001E, mp4a.40.2", "created": "2019-03-10T09:59:42.615Z", "status": 0, "playlist": 2}}, {"model": "video.video", "pk": 5, "fields": {"name": "111", "description": "222", "key": "mmmmmmmpbq8b", "preview_picture": "", "owner": 1, "head_video_part": 25, "codec": "avc1.64001E, mp4a.40.2", "created": "2019-03-13T13:30:42.868Z", "status": 0, "playlist": 2}}, {"model": "video.video", "pk": 6, "fields": {"name": "123", "description": "321", "key": "mmmmmmm4xct4", "preview_picture": "", "owner": 1, "head_video_part": 28, "codec": "avc1.64001E, mp4a.40.2", "created": "2019-03-13T16:00:21.079Z", "status": 0, "playlist": 2}}, {"model": "video.video", "pk": 7, "fields": {"name": "test", "description": "fhfhfh", "key": "mmmmmmm9kexw", "preview_picture": "", "owner": 1, "head_video_part": 31, "codec": "avc1.64001E, mp4a.40.2", "created": "2019-03-13T16:09:34.095Z", "status": 0, "playlist": 2}}, {"model": "channel.channel", "pk": 1, "fields": {"name": "\u041a\u0430\u043d\u0430\u043b \u0430\u0434\u043c\u0438\u043d\u0430", "description": "\u041e\u043f\u0438\u0441\u0430\u043d\u0438\u0435 \u043a\u0430\u043d\u0430\u043b\u0430 \u0430\u0434\u043c\u0438\u043d\u0430", "owner": 1, "key": "adminadmin00", "created": "2019-03-06T20:00:59.548Z", "status": 0, "subscribers": [2]}}, {"model": "channel.channel", "pk": 2, "fields": {"name": "\u041a\u0430\u043d\u0430\u043b highoc'a", "description": "\u041c\u043e\u0439 \u0441\u0443\u043f\u0435\u0440\u0438\u043d\u0442\u0435\u0440\u0430\u043a\u0442\u0438\u0432\u043d\u044b\u0439 \u043a\u0430\u043d\u0430\u043b", "owner": 2, "key": "highochighoc", "created": "2019-03-24T16:48:12.509Z", "status": 0, "subscribers": [1, 3]}}, {"model": "channel.playlist", "pk": 2, "fields": {"name": "\u041f\u043b\u0435\u0439\u043b\u0438\u0441\u0442 \u0434\u043b\u044f \u0440\u0435\u0434\u0430\u043a\u0446\u0438\u0438", "description": "\u0417\u0434\u0435\u0441\u044c \u0431\u0443\u0434\u0443 \u043d\u0430\u0445\u043e\u0434\u0438\u0442\u044c \u0432\u0438\u0434\u0435\u043e", "key": "123456654321", "preview_picture": "", "status": 1, "channel": 1}}, {"model": "channel.playlist", "pk": 3, "fields": {"name": "\u041f\u043b\u0435\u0439\u043b\u0438\u0441\u0442 \u0434\u043b\u044f \u0441\u043a\u0440\u044b\u0442\u044b\u0445 \u0432\u0438\u0434\u0435\u043e", "description": "\u0417\u0434\u0435\u0441\u044c \u0431\u0443\u0434\u0443\u0442 \u043d\u0430\u0445\u043e\u0434\u0438\u0442\u044c\u0441\u044f \u0432\u0430\u0448\u0438 \u0441\u043a\u0440\u044b\u0442\u044b\u0435 \u0432\u0438\u0434\u0435\u043e", "key": "123456654322", "preview_picture": "", "status": 2, "channel": 1}}, {"model": "channel.playlist", "pk": 4, "fields": {"name": "\u041f\u043b\u0435\u0439\u043b\u0438\u0441\u0442 \u0434\u043b\u044f \u0443\u0434\u0430\u043b\u0435\u043d\u043d\u044b\u0445 \u0432\u0438\u0434\u0435\u043e", "description": "\u0417\u0434\u0435\u0441\u044c \u0431\u0443\u0434\u0443\u0442 \u043d\u0430\u0445\u043e\u0434\u0438\u0442\u044c\u0441\u044f \u0432\u0430\u0448\u0438 \u0443\u0434\u0430\u043b\u0435\u043d\u043d\u044b\u0435 \u0432\u0438\u0434\u0435\u043e", "key": "123456654323", "preview_picture": "", "status": 3, "channel": 1}}, {"model": "channel.playlist", "pk": 5, "fields": {"name": "\u041d\u0443 \u043f\u043e\u043c\u0435\u043d\u044f\u0439", "description": "\u041f\u043e\u043c\u0435\u043d\u044f\u0439 \u043c\u043e\u0435 \u0438\u043c\u044f", "key": "123456654324", "preview_picture": "", "status": 0, "channel": 1}}, {"model": "channel.playlist", "pk": 6, "fields": {"name": "CreatedYY", "description": "", "key": "mmmmmmm4xct4", "preview_picture": "", "status": 0, "channel": 1}}, {"model": "channel.playlist", "pk": 7, "fields": {"name": "Created", "description": "", "key": "mmmmmmm9kexw", "preview_picture": "", "status": 0, "channel": 1}}, {"model": "channel.playlist", "pk": 8, "fields": {"name": "ww", "description": "", "key": "mmmmmmmn242n", "preview_picture": "", "status": 0, "channel": 1}}, {"model": "channel.playlist", "pk": 9, "fields": {"name": ",,,,,", "description": "", "key": "mmmmmmmb4tc8", "preview_picture": "", "status": 0, "channel": 1}}, {"model": "channel.playlist", "pk": 10, "fields": {"name": "kk", "description": "", "key": "mmmmmmmcsqsc", "preview_picture": "", "status": 0, "channel": 1}}, {"model": "channel.playlist", "pk": 11, "fields": {"name": "\u0446\u0443\u0430\u0446\u0430", "description": "", "key": "mmmmmmmwezdg", "preview_picture": "", "status": 0, "channel": 1}}, {"model": "channel.playlist", "pk": 12, "fields": {"name": "\u0446\u0446\u0446", "description": "", "key": "mmmmmmmjy7yj", "preview_picture": "", "status": 0, "channel": 1}}, {"model": "channel.playlist", "pk": 13, "fields": {"name": "1234567", "description": "1234567", "key": "mmmmmmmy9cgp", "preview_picture": "", "status": 0, "channel": 1}}, {"model": "channel.playlist", "pk": 14, "fields": {"name": "1231312", "description": "1231231", "key": "mmmmmmmrfp3r", "preview_picture": "", "status": 0, "channel": 1}}, {"model": "channel.playlist", "pk": 15, "fields": {"name": "1212", "description": "1212", "key": "mmmmmmmzmff9", "preview_picture": "", "status": 0, "channel": 1}}, {"model": "channel.playlist", "pk": 16, "fields": {"name": "12312313", "description": "123123132", "key": "mmmmmmmmz7z5", "preview_picture": "", "status": 0, "channel": 1}}, {"model": "channel.playlist", "pk": 17, "fields": {"name": "34344", "description": "343443", "key": "mmmmmmm8sc7t", "preview_picture": "", "status": 0, "channel": 1}}, {"model": "channel.playlist", "pk": 18, "fields": {"name": "\u041f\u043b\u0435\u0439\u043b\u0438\u0441\u0442 \u0434\u043b\u044f \u0440\u0435\u0434\u0430\u043a\u0446\u0438\u0438", "description": "\u0417\u0434\u0435\u0441\u044c \u0431\u0443\u0434\u0443 \u043d\u0430\u0445\u043e\u0434\u0438\u0442\u044c \u0432\u0430\u0448\u0438 \u0432\u0438\u0434\u0435\u043e", "key": "111122223333", "preview_picture": "", "status": 1, "channel": 2}}, {"model": "channel.playlist", "pk": 19, "fields": {"name": "\u041f\u043b\u0435\u0439\u043b\u0438\u0441\u0442 \u0434\u043b\u044f \u0441\u043a\u0440\u044b\u0442\u044b\u0445 \u0432\u0438\u0434\u0435\u043e", "description": "\u0417\u0434\u0435\u0441\u044c \u0431\u0443\u0434\u0443\u0442 \u043d\u0430\u0445\u043e\u0434\u0438\u0442\u044c\u0441\u044f \u0432\u0430\u0448\u0438 \u0441\u043a\u0440\u044b\u0442\u044b\u0435 \u0432\u0438\u0434\u0435\u043e", "key": "111122223334", "preview_picture": "", "status": 2, "channel": 2}}, {"model": "channel.playlist", "pk": 20, "fields": {"name": "\u041f\u043b\u0435\u0439\u043b\u0438\u0441\u0442 \u0434\u043b\u044f \u0443\u0434\u0430\u043b\u0435\u043d\u043d\u044b\u0445 \u0432\u0438\u0434\u0435\u043e", "description": "\u0417\u0434\u0435\u0441\u044c \u0431\u0443\u0434\u0443\u0442 \u043d\u0430\u0445\u043e\u0434\u0438\u0442\u044c\u0441\u044f \u0432\u0430\u0448\u0438 \u0443\u0434\u0430\u043b\u0435\u043d\u043d\u044b\u0435 \u0432\u0438\u0434\u0435\u043e", "key": "111122223335", "preview_picture": "", "status": 3, "channel": 2}}, {"model": "comment.comment", "pk": 1, "fields": {"author": 1, "parent": null, "text": "\u0422\u0435\u0441\u0442\u043e\u0432\u044b\u0439 \u043a\u043e\u043c\u043c\u0435\u043d\u0442\u0430\u0440\u0438\u0439 1", "video": 3, "created": "2019-03-16T19:20:54.222Z", "lft": 1, "rght": 10, "tree_id": 1, "level": 0}}, {"model": "comment.comment", "pk": 3, "fields": {"author": 1, "parent": null, "text": "\u0422\u0435\u0441\u0442\u043e\u0432\u044b\u0439 \u043a\u043e\u043c\u043c\u0435\u043d\u0442\u0430\u0440\u0438\u0439 2", "video": 3, "created": "2019-03-16T19:22:02.579Z", "lft": 1, "rght": 4, "tree_id": 2, "level": 0}}, {"model": "comment.comment", "pk": 4, "fields": {"author": 1, "parent": null, "text": "\u0422\u0435\u0441\u0442\u043e\u0432\u044b\u0439 \u043a\u043e\u043c\u043c\u0435\u043d\u0442\u0430\u0440\u0438\u0439 3", "video": 3, "created": "2019-03-16T19:22:09.616Z", "lft": 1, "rght": 2, "tree_id": 3, "level": 0}}, {"model": "comment.comment", "pk": 5, "fields": {"author": 1, "parent": 1, "text": "\u041a\u043e\u043c\u043c\u0435\u043d\u0442\u0430\u0440\u0438\u0439 1.1", "video": 3, "created": "2019-03-16T19:26:14.360Z", "lft": 2, "rght": 5, "tree_id": 1, "level": 1}}, {"model": "comment.comment", "pk": 6, "fields": {"author": 1, "parent": 1, "text": "\u041a\u043e\u043c\u043c\u0435\u043d\u0442\u0430\u0440\u0438\u0439 1.2", "video": 3, "created": "2019-03-16T19:26:29.799Z", "lft": 6, "rght": 7, "tree_id": 1, "level": 1}}, {"model": "comment.comment", "pk": 7, "fields": {"author": 1, "parent": 1, "text": "\u041a\u043e\u043c\u043c\u0435\u043d\u0442\u0430\u0440\u0438\u0439 1.3", "video": 3, "created": "2019-03-16T19:26:41.182Z", "lft": 8, "rght": 9, "tree_id": 1, "level": 1}}, {"model": "comment.comment", "pk": 8, "fields": {"author": 1, "parent": 5, "text": "\u041a\u043e\u043c\u043c\u0435\u043d\u0442\u0430\u0440\u0438\u0439 1.1.1", "video": 3, "created": "2019-03-16T19:27:03.292Z", "lft": 3, "rght": 4, "tree_id": 1, "level": 2}}, {"model": "comment.comment", "pk": 9, "fields": {"author": 1, "parent": null, "text": "\u043e\u043e\u043e", "video": 3, "created": "2019-03-21T15:15:15.928Z", "lft": 1, "rght": 2, "tree_id": 4, "level": 0}}, {"model": "comment.comment", "pk": 10, "fields": {"author": 1, "parent": null, "text": "wedwe", "video": 3, "created": "2019-03-21T21:08:28.079Z", "lft": 1, "rght": 2, "tree_id": 5, "level": 0}}, {"model": "comment.comment", "pk": 11, "fields": {"author": 1, "parent": null, "text": "\u041e\u0442\u0432\u0435\u0442\u0438\u043b", "video": 3, "created": "2019-03-22T20:13:33.659Z", "lft": 1, "rght": 2, "tree_id": 6, "level": 0}}, {"model": "comment.comment", "pk": 12, "fields": {"author": 1, "parent": null, "text": "\u041e\u0442\u0432\u0435\u0442 \u043e\u043e\u043e", "video": 3, "created": "2019-03-22T20:14:20.859Z", "lft": 1, "rght": 2, "tree_id": 7, "level": 0}}, {"model": "comment.comment", "pk": 13, "fields": {"author": 1, "parent": null, "text": "\u0420\u0430\u0431\u043e\u0442\u0430\u0435\u0442", "video": 3, "created": "2019-03-22T20:16:08.195Z", "lft": 1, "rght": 4, "tree_id": 8, "level": 0}}, {"model": "comment.comment", "pk": 14, "fields": {"author": 1, "parent": null, "text": "Taeer", "video": 3, "created": "2019-03-22T20:17:08.534Z", "lft": 1, "rght": 2, "tree_id": 9, "level": 0}}, {"model": "comment.comment", "pk": 15, "fields": {"author": 1, "parent": 13, "text": "Sososo", "video": 3, "created": "2019-03-22T20:18:51.988Z", "lft": 2, "rght": 3, "tree_id": 8, "level": 1}}, {"model": "comment.comment", "pk": 16, "fields": {"author": 1, "parent": null, "text": "rere", "video": 3, "created": "2019-03-24T11:26:19.500Z", "lft": 1, "rght": 2, "tree_id": 10, "level": 0}}, {"model": "comment.comment", "pk": 17, "fields": {"author": 1, "parent": 3, "text": "\u043e\u0442\u0432\u0435\u04422", "video": 3, "created": "2019-03-24T11:30:16.251Z", "lft": 2, "rght": 3, "tree_id": 2, "level": 1}}, {"model": "rating.rating", "pk": 1, "fields": {"video": 1, "counter": 0}}, {"model": "rating.rating", "pk": 2, "fields": {"video": 3, "counter": -2}}, {"model": "rating.rating", "pk": 3, "fields": {"video": 4, "counter": -1}}, {"model": "rating.rating", "pk": 4, "fields": {"video": 5, "counter": 0}}, {"model": "rating.rating", "pk": 5, "fields": {"video": 6, "counter": 0}}, {"model": "rating.rating", "pk": 6, "fields": {"video": 7, "counter": 0}}, {"model": "rating.ratingrecord", "pk": 1, "fields": {"author": 1, "rating": 2, "value": -1}}, {"model": "rating.ratingrecord", "pk": 2, "fields": {"author": 3, "rating": 3, "value": -1}}, {"model": "rating.ratingrecord", "pk": 3, "fields": {"author": 2, "rating": 2, "value": -1}}, {"model": "rating.ratingrecord", "pk": 4, "fields": {"author": 3, "rating": 2, "value": 1}}, {"model": "rating.ratingrecord", "pk": 5, "fields": {"author": 3, "rating": 2, "value": 1}}, {"model": "views.views", "pk": 1, "fields": {"video": 1, "counter": 0}}, {"model": "views.views", "pk": 2, "fields": {"video": 3, "counter": 64}}, {"model": "views.views", "pk": 3, "fields": {"video": 4, "counter": 4}}, {"model": "views.views", "pk": 4, "fields": {"video": 5, "counter": 0}}, {"model": "views.views", "pk": 5, "fields": {"video": 6, "counter": 0}}, {"model": "views.views", "pk": 6, "fields": {"video": 7, "counter": 1}}, {"model": "admin.logentry", "pk": 1, "fields": {"action_time": "2019-03-06T19:48:53.993Z", "user": 1, "content_type": 8, "object_id": "2", "object_repr": "VideoPart object (2)", "action_flag": 1, "change_message": "[{\"added\": {}}]"}}, {"model": "admin.logentry", "pk": 2, "fields": {"action_time": "2019-03-06T19:49:16.665Z", "user": 1, "content_type": 8, "object_id": "3", "object_repr": "VideoPart object (3)", "action_flag": 1, "change_message": "[{\"added\": {}}]"}}, {"model": "admin.logentry", "pk": 3, "fields": {"action_time": "2019-03-06T19:49:39.209Z", "user": 1, "content_type": 8, "object_id": "4", "object_repr": "VideoPart object (4)", "action_flag": 1, "change_message": "[{\"added\": {}}]"}}, {"model": "admin.logentry", "pk": 4, "fields": {"action_time": "2019-03-06T19:49:58.318Z", "user": 1, "content_type": 8, "object_id": "5", "object_repr": "VideoPart object (5)", "action_flag": 1, "change_message": "[{\"added\": {}}]"}}, {"model": "admin.logentry", "pk": 5, "fields": {"action_time": "2019-03-06T19:50:43.375Z", "user": 1, "content_type": 8, "object_id": "6", "object_repr": "VideoPart object (6)", "action_flag": 1, "change_message": "[{\"added\": {}}]"}}, {"model": "admin.logentry", "pk": 6, "fields": {"action_time": "2019-03-06T19:51:03.385Z", "user": 1, "content_type": 8, "object_id": "7", "object_repr": "VideoPart object (7)", "action_flag": 1, "change_message": "[{\"added\": {}}]"}}, {"model": "admin.logentry", "pk": 7, "fields": {"action_time": "2019-03-06T19:56:15.964Z", "user": 1, "content_type": 8, "object_id": "8", "object_repr": "VideoPart object (8)", "action_flag": 1, "change_message": "[{\"added\": {}}]"}}, {"model": "admin.logentry", "pk": 8, "fields": {"action_time": "2019-03-10T10:06:12.662Z", "user": 1, "content_type": 8, "object_id": "12", "object_repr": "VideoPart object (12)", "action_flag": 1, "change_message": "[{\"added\": {}}]"}}, {"model": "admin.logentry", "pk": 9, "fields": {"action_time": "2019-03-10T10:06:50.309Z", "user": 1, "content_type": 8, "object_id": "13", "object_repr": "VideoPart object (13)", "action_flag": 1, "change_message": "[{\"added\": {}}]"}}, {"model": "admin.logentry", "pk": 10, "fields": {"action_time": "2019-03-10T10:07:29.181Z", "user": 1, "content_type": 8, "object_id": "14", "object_repr": "VideoPart object (14)", "action_flag": 1, "change_message": "[{\"added\": {}}]"}}, {"model": "admin.logentry", "pk": 11, "fields": {"action_time": "2019-03-10T10:07:56.457Z", "user": 1, "content_type": 8, "object_id": "15", "object_repr": "VideoPart object (15)", "action_flag": 1, "change_message": "[{\"added\": {}}]"}}, {"model": "admin.logentry", "pk": 12, "fields": {"action_time": "2019-03-10T10:08:14.469Z", "user": 1, "content_type": 8, "object_id": "16", "object_repr": "VideoPart object (16)", "action_flag": 1, "change_message": "[{\"added\": {}}]"}}, {"model": "admin.logentry", "pk": 13, "fields": {"action_time": "2019-03-10T10:08:36.796Z", "user": 1, "content_type": 8, "object_id": "17", "object_repr": "VideoPart object (17)", "action_flag": 1, "change_message": "[{\"added\": {}}]"}}, {"model": "admin.logentry", "pk": 14, "fields": {"action_time": "2019-03-10T10:09:07.609Z", "user": 1, "content_type": 8, "object_id": "18", "object_repr": "VideoPart object (18)", "action_flag": 1, "change_message": "[{\"added\": {}}]"}}, {"model": "admin.logentry", "pk": 15, "fields": {"action_time": "2019-03-10T10:09:31.285Z", "user": 1, "content_type": 8, "object_id": "19", "object_repr": "VideoPart object (19)", "action_flag": 1, "change_message": "[{\"added\": {}}]"}}, {"model": "admin.logentry", "pk": 16, "fields": {"action_time": "2019-03-10T10:09:56.118Z", "user": 1, "content_type": 8, "object_id": "20", "object_repr": "VideoPart object (20)", "action_flag": 1, "change_message": "[{\"added\": {}}]"}}, {"model": "admin.logentry", "pk": 17, "fields": {"action_time": "2019-03-10T10:11:11.525Z", "user": 1, "content_type": 8, "object_id": "21", "object_repr": "VideoPart object (21)", "action_flag": 1, "change_message": "[{\"added\": {}}]"}}, {"model": "admin.logentry", "pk": 18, "fields": {"action_time": "2019-03-10T10:11:58.036Z", "user": 1, "content_type": 8, "object_id": "22", "object_repr": "VideoPart object (22)", "action_flag": 1, "change_message": "[{\"added\": {}}]"}}, {"model": "admin.logentry", "pk": 19, "fields": {"action_time": "2019-03-10T10:12:16.093Z", "user": 1, "content_type": 8, "object_id": "23", "object_repr": "VideoPart object (23)", "action_flag": 1, "change_message": "[{\"added\": {}}]"}}, {"model": "admin.logentry", "pk": 20, "fields": {"action_time": "2019-03-10T10:12:35.632Z", "user": 1, "content_type": 8, "object_id": "24", "object_repr": "VideoPart object (24)", "action_flag": 1, "change_message": "[{\"added\": {}}]"}}, {"model": "admin.logentry", "pk": 21, "fields": {"action_time": "2019-03-16T19:26:14.361Z", "user": 1, "content_type": 12, "object_id": "5", "object_repr": "Comment object (5)", "action_flag": 1, "change_message": "[{\"added\": {}}]"}}, {"model": "admin.logentry", "pk": 22, "fields": {"action_time": "2019-03-16T19:26:29.800Z", "user": 1, "content_type": 12, "object_id": "6", "object_repr": "Comment object (6)", "action_flag": 1, "change_message": "[{\"added\": {}}]"}}, {"model": "admin.logentry", "pk": 23, "fields": {"action_time": "2019-03-16T19:26:41.183Z", "user": 1, "content_type": 12, "object_id": "7", "object_repr": "Comment object (7)", "action_flag": 1, "change_message": "[{\"added\": {}}]"}}, {"model": "admin.logentry", "pk": 24, "fields": {"action_time": "2019-03-16T19:27:03.293Z", "user": 1, "content_type": 12, "object_id": "8", "object_repr": "Comment object (8)", "action_flag": 1, "change_message": "[{\"added\": {}}]"}}, {"model": "admin.logentry", "pk": 25, "fields": {"action_time": "2019-03-24T13:30:43.292Z", "user": 1, "content_type": 16, "object_id": "1", "object_repr": "Profile object (1)", "action_flag": 1, "change_message": "[{\"added\": {}}]"}}, {"model": "admin.logentry", "pk": 26, "fields": {"action_time": "2019-03-24T13:36:54.293Z", "user": 1, "content_type": 16, "object_id": "1", "object_repr": "Profile object (1)", "action_flag": 2, "change_message": "[]"}}, {"model": "admin.logentry", "pk": 27, "fields": {"action_time": "2019-03-24T16:53:36.595Z", "user": 1, "content_type": 10, "object_id": "2", "object_repr": "Channel object (2)", "action_flag": 2, "change_message": "[{\"changed\": {\"fields\": [\"subscribers\"]}}]"}}, {"model": "admin.logentry", "pk": 28, "fields": {"action_time": "2019-03-24T16:54:10.188Z", "user": 1, "content_type": 10, "object_id": "1", "object_repr": "Channel object (1)", "action_flag": 2, "change_message": "[{\"changed\": {\"fields\": [\"subscribers\"]}}]"}}]